Customer_ID,Age,Gender,Annual_Income,Employment_Status,Credit_Score,Total_Debt,Debt_to_Income_Ratio,Credit_Card_Limit,Credit_Utilization_Rate,Late_Payments_30_Days,Late_Payments_90_Days,Default_Status,Loan_Purpose
CUST-1001,37,Male,56413.53,Employed,659,15745.02,0.2791,11312.37,0.4354,1,0,0,Auto
CUST-1002,37,Male,56201.87,Self-Employed,559,15753.38,0.2803,9936.84,0.5807,2,1,1,Personal
CUST-1003,31,Male,82216.42,Employed,690,6445.77,0.0784,15076.08,0.2706,0,0,0,Auto
CUST-1004,47,Male,58707.8,Employed,614,16109.42,0.2744,5691.3,0.5814,1,0,0,Personal
CUST-1005,29,Female,37960.71,Unemployed,652,10211.43,0.269,7474.62,0.4217,0,0,0,Auto
CUST-1006,31,Male,123320.87,Employed,687,16759.31,0.1359,12939.26,0.2384,0,0,0,Small Business
CUST-1007,32,Female,71487.48,Employed,675,16613.69,0.2324,13962.9,0.3018,0,0,0,Personal
CUST-1008,51,Male,60566.99,Employed,667,11852.96,0.1957,8025.23,0.3413,0,0,0,Small Business
CUST-1009,33,Female,55478.63,Employed,601,21836.39,0.3936,9503.18,0.44,1,1,0,Personal
CUST-1010,39,Male,35692.45,Self-Employed,595,17043.14,0.4775,5803.48,0.5929,0,0,0,Auto
CUST-1011,26,Female,174621.92,Employed,700,63213.14,0.362,21383.73,0.3128,0,0,0,Debt Consolidation
CUST-1012,35,Female,27137.93,Student,638,3321.68,0.1224,4668.57,0.223,0,0,0,Home Improvement
CUST-1013,39,Female,30227.07,Employed,740,6154.23,0.2036,6864.41,0.4049,0,0,0,Debt Consolidation
CUST-1014,44,Male,37622.06,Unemployed,582,21151.12,0.5622,6574.33,0.6342,1,0,0,Small Business
CUST-1015,54,Male,67892.31,Employed,593,24393.71,0.3593,8829.05,0.6081,0,0,0,Debt Consolidation
CUST-1016,36,Male,26948.17,Employed,657,9315.98,0.3457,5097.91,0.4804,0,0,0,Auto
CUST-1017,62,Female,133959.84,Self-Employed,487,75325.62,0.5623,8330.23,0.6296,2,1,1,Personal
CUST-1018,41,Male,41922.19,Student,551,5906.84,0.1409,4464.2,0.464,0,0,0,Auto
CUST-1019,47,Male,70907.71,Employed,489,22265.02,0.314,6538.78,0.6911,4,1,1,Auto
CUST-1020,42,Female,128325.76,Self-Employed,718,26640.43,0.2076,17199.58,0.3413,0,0,0,Personal
CUST-1021,34,Male,40907.48,Student,577,17107.51,0.4182,5824.83,0.59,2,1,0,Debt Consolidation
CUST-1022,34,Female,31050.34,Unemployed,593,16226.91,0.5226,6080.32,0.5812,6,3,1,Personal
CUST-1023,49,Male,99828.98,Self-Employed,669,39711.97,0.3978,18465.83,0.409,0,0,0,Debt Consolidation
CUST-1024,38,Male,90999.65,Employed,668,39093.45,0.4296,10174.63,0.7008,0,0,1,Auto
CUST-1025,57,Female,108077.77,Self-Employed,728,32942.1,0.3048,19342.58,0.4893,0,0,0,Home Improvement
CUST-1026,41,Male,49302.75,Employed,570,4565.43,0.0926,9800.79,0.4096,0,0,0,Home Improvement
CUST-1027,57,Female,53905.05,Employed,711,22958.16,0.4259,12172.23,0.3742,0,0,0,Home Improvement
CUST-1028,24,Male,75038.81,Employed,600,23577.19,0.3142,9453.67,0.4245,1,1,0,Debt Consolidation
CUST-1029,36,Male,137636.58,Self-Employed,656,46149.55,0.3353,25450.91,0.2271,2,0,0,Personal
CUST-1030,24,Male,85523.0,Self-Employed,643,31874.42,0.3727,8010.4,0.4642,0,0,0,Auto
CUST-1031,54,Male,46368.68,Employed,737,12621.55,0.2722,7978.84,0.4702,0,0,0,Auto
CUST-1032,25,Male,30913.1,Unemployed,617,12569.27,0.4066,7735.5,0.6521,2,1,0,Small Business
CUST-1033,30,Female,37608.0,Employed,648,10293.31,0.2737,9457.51,0.5762,1,0,0,Auto
CUST-1034,35,Female,53170.25,Employed,609,10745.71,0.2021,5512.57,0.485,0,0,0,Debt Consolidation
CUST-1035,50,Female,87084.68,Self-Employed,760,16937.97,0.1945,17590.55,0.3332,0,0,0,Home Improvement
CUST-1036,42,Female,137962.3,Employed,721,33083.36,0.2398,29646.21,0.4305,0,0,0,Auto
CUST-1037,24,Female,102310.6,Self-Employed,501,19142.31,0.1871,8557.86,0.6793,0,0,0,Small Business
CUST-1038,39,Female,138806.87,Self-Employed,608,47569.11,0.3427,16995.89,0.5361,0,0,0,Debt Consolidation
CUST-1039,48,Male,28056.11,Unemployed,578,12614.03,0.4496,4658.82,0.7658,6,0,0,Debt Consolidation
CUST-1040,46,Female,25000.0,Employed,652,5412.5,0.2165,7420.05,0.5385,0,0,0,Auto
CUST-1041,48,Male,44406.7,Employed,701,10719.78,0.2414,9581.9,0.4606,0,0,0,Auto
CUST-1042,48,Female,59156.61,Self-Employed,630,17291.48,0.2923,8088.89,0.4473,0,0,0,Home Improvement
CUST-1043,28,Male,136912.42,Employed,664,38677.76,0.2825,11780.16,0.5458,0,0,0,Debt Consolidation
CUST-1044,38,Female,85894.6,Employed,555,25502.11,0.2969,8168.11,0.6776,1,0,0,Auto
CUST-1045,38,Female,48685.26,Employed,647,12799.35,0.2629,7652.06,0.5605,0,0,0,Debt Consolidation
CUST-1046,36,Female,115240.47,Employed,737,33316.02,0.2891,14566.44,0.274,0,0,0,Auto
CUST-1047,36,Female,52696.09,Employed,720,3477.94,0.066,8178.31,0.205,0,0,0,Small Business
CUST-1048,24,Female,58751.67,Self-Employed,778,8801.0,0.1498,12154.1,0.2713,0,0,0,Debt Consolidation
CUST-1049,57,Male,99934.14,Employed,547,22894.91,0.2291,9701.54,0.4983,1,1,0,Personal
CUST-1050,49,Male,114735.57,Employed,721,5736.78,0.05,22837.46,0.3347,0,0,0,Home Improvement
CUST-1051,41,Male,145094.38,Self-Employed,600,62709.79,0.4322,16411.55,0.4753,0,0,0,Personal
CUST-1052,36,Male,45094.12,Employed,750,15760.39,0.3495,7914.38,0.3435,0,0,0,Auto
CUST-1053,43,Male,43704.94,Employed,728,9798.65,0.2242,8552.17,0.2255,0,0,0,Personal
CUST-1054,33,Male,37549.7,Employed,646,9838.02,0.262,8920.23,0.4939,0,0,0,Small Business
CUST-1055,25,Male,45776.23,Self-Employed,664,13636.74,0.2979,6971.13,0.3415,0,0,0,Auto
CUST-1056,45,Female,148939.23,Employed,487,40347.64,0.2709,13759.43,0.754,0,0,0,Home Improvement
CUST-1057,38,Male,81886.01,Self-Employed,650,26252.65,0.3206,12202.02,0.4604,0,0,0,Small Business
CUST-1058,46,Male,71090.23,Employed,535,12376.81,0.1741,7967.97,0.3474,6,0,1,Debt Consolidation
CUST-1059,42,Female,33642.22,Employed,547,11243.23,0.3342,4598.43,0.5671,3,0,0,Personal
CUST-1060,51,Male,142872.86,Employed,632,7143.64,0.05,27556.65,0.2983,1,0,0,Home Improvement
CUST-1061,25,Male,25773.06,Self-Employed,494,11786.02,0.4573,4943.04,0.6021,1,0,0,Small Business
CUST-1062,43,Female,34351.64,Student,570,10528.78,0.3065,6124.92,0.4539,0,0,0,Auto
CUST-1063,45,Male,37624.66,Self-Employed,730,6140.34,0.1632,6577.16,0.2303,0,0,0,Personal
CUST-1064,36,Female,61739.49,Employed,621,10890.85,0.1764,5895.4,0.4917,6,0,0,Home Improvement
CUST-1065,58,Female,57010.69,Self-Employed,559,13944.81,0.2446,6658.33,0.5564,3,0,0,Home Improvement
CUST-1066,36,Male,163773.14,Self-Employed,674,51408.39,0.3139,29366.76,0.3245,0,0,0,Small Business
CUST-1067,31,Male,68932.7,Self-Employed,565,37120.26,0.5385,11313.2,0.5495,6,2,1,Personal
CUST-1068,42,Female,41113.85,Self-Employed,721,11191.19,0.2722,5771.26,0.2234,0,0,0,Personal
CUST-1069,27,Female,56308.18,Employed,557,14369.85,0.2552,8354.11,0.5015,4,3,1,Auto
CUST-1070,32,Female,141015.94,Self-Employed,695,43164.98,0.3061,25354.9,0.5958,0,0,0,Debt Consolidation
CUST-1071,38,Female,31443.61,Employed,669,8307.4,0.2642,7259.49,0.4248,0,0,0,Home Improvement
CUST-1072,25,Male,88026.83,Employed,786,25017.23,0.2842,18650.82,0.3812,0,0,0,Auto
CUST-1073,36,Female,107262.04,Employed,586,35846.97,0.3342,11757.43,0.6366,0,0,0,Small Business
CUST-1074,30,Female,67814.0,Employed,700,19415.15,0.2863,10213.25,0.4123,0,0,0,Small Business
CUST-1075,36,Female,40566.23,Unemployed,729,9999.58,0.2465,10709.4,0.5194,0,0,0,Auto
CUST-1076,28,Male,44257.13,Employed,520,8891.26,0.2009,7136.68,0.4076,1,0,0,Auto
CUST-1077,54,Male,128199.31,Employed,680,36113.75,0.2817,21166.66,0.22,0,0,0,Personal
CUST-1078,34,Female,60533.76,Employed,567,28801.96,0.4758,7101.38,0.7801,6,0,1,Auto
CUST-1079,39,Female,56697.45,Employed,548,23472.74,0.414,5979.83,0.5469,2,0,0,Auto
CUST-1080,31,Female,161718.49,Self-Employed,730,57216.0,0.3538,23870.72,0.3653,0,0,0,Auto
CUST-1081,44,Female,76444.97,Employed,532,26113.6,0.3416,11079.0,0.4577,2,1,0,Small Business
CUST-1082,47,Male,32410.6,Unemployed,381,16856.75,0.5201,2848.43,0.7576,0,0,1,Personal
CUST-1083,27,Male,137870.64,Employed,619,43939.37,0.3187,20952.29,0.5464,1,0,0,Auto
CUST-1084,45,Female,36580.8,Employed,608,11537.58,0.3154,6900.92,0.5537,1,1,0,Debt Consolidation
CUST-1085,34,Male,56977.39,Employed,629,14324.12,0.2514,7698.36,0.5293,1,0,0,Personal
CUST-1086,48,Female,86219.18,Employed,622,4310.96,0.05,13273.18,0.4042,0,0,0,Small Business
CUST-1087,36,Male,43194.02,Unemployed,589,15644.87,0.3622,6375.12,0.53,0,0,0,Personal
CUST-1088,53,Female,33489.99,Employed,659,12381.25,0.3697,8433.8,0.5766,0,0,0,Home Improvement
CUST-1089,47,Female,44917.12,Employed,602,13057.41,0.2907,7208.74,0.476,0,0,0,Debt Consolidation
CUST-1090,43,Male,113460.55,Employed,729,29613.2,0.261,21076.32,0.2643,0,0,0,Home Improvement
CUST-1091,56,Male,26028.92,Unemployed,428,10252.79,0.3939,3180.0,0.8045,3,0,0,Personal
CUST-1092,27,Female,108748.59,Employed,774,5437.43,0.05,26377.11,0.2562,0,0,0,Auto
CUST-1093,37,Male,30252.74,Student,630,8029.08,0.2654,7353.28,0.436,0,0,0,Debt Consolidation
CUST-1094,42,Female,42283.09,Employed,666,5530.63,0.1308,9483.13,0.519,0,0,0,Debt Consolidation
CUST-1095,39,Male,52737.52,Employed,588,9292.35,0.1762,6993.27,0.4951,0,0,0,Personal
CUST-1096,33,Female,61152.69,Self-Employed,617,13741.01,0.2247,5552.3,0.5634,1,1,0,Debt Consolidation
CUST-1097,34,Female,67650.87,Employed,493,21343.85,0.3155,7496.85,0.6505,6,0,1,Auto
CUST-1098,36,Male,52912.51,Self-Employed,654,21344.91,0.4034,11196.14,0.5131,0,0,0,Personal
CUST-1099,43,Female,47960.61,Self-Employed,772,17261.02,0.3599,11704.7,0.379,0,0,0,Debt Consolidation
CUST-1100,35,Male,41289.8,Student,608,9116.79,0.2208,4661.08,0.5149,0,0,0,Debt Consolidation
CUST-1101,44,Female,34291.04,Employed,651,3912.61,0.1141,8544.14,0.3395,0,0,0,Personal
CUST-1102,34,Male,50581.49,Employed,540,8305.48,0.1642,6772.9,0.6363,2,2,0,Debt Consolidation
CUST-1103,44,Male,25000.0,Employed,531,7430.0,0.2972,5433.87,0.5594,3,3,1,Small Business
CUST-1104,46,Female,49886.7,Self-Employed,620,15360.11,0.3079,10210.73,0.3687,0,0,0,Personal
CUST-1105,36,Female,36957.72,Unemployed,587,7568.94,0.2048,3735.86,0.4682,0,0,0,Auto
CUST-1106,31,Male,36355.64,Self-Employed,480,12270.03,0.3375,4327.42,0.787,1,0,0,Personal
CUST-1107,29,Female,43248.96,Unemployed,431,23220.37,0.5369,3439.8,0.8457,6,3,1,Debt Consolidation
CUST-1108,41,Female,70279.14,Employed,544,20205.25,0.2875,9917.08,0.465,3,1,0,Auto
CUST-1109,21,Male,93103.17,Employed,669,17577.88,0.1888,16319.68,0.1586,0,0,0,Home Improvement
CUST-1110,32,Male,133092.91,Employed,536,63352.23,0.476,18592.2,0.6212,6,0,1,Auto
CUST-1111,48,Male,40247.81,Self-Employed,640,18755.48,0.466,6530.94,0.472,1,0,0,Auto
CUST-1112,21,Male,93531.49,Employed,784,4676.57,0.05,16772.17,0.1914,0,0,0,Debt Consolidation
CUST-1113,46,Female,37999.21,Unemployed,571,11369.36,0.2992,5997.9,0.5315,2,1,1,Personal
CUST-1114,33,Male,35350.96,Student,515,13659.61,0.3864,3635.03,0.6429,1,0,0,Small Business
CUST-1115,53,Male,31645.2,Self-Employed,571,11085.31,0.3503,5170.23,0.5714,4,2,1,Auto
CUST-1116,41,Male,35835.37,Employed,703,8991.09,0.2509,7401.77,0.3813,0,0,0,Debt Consolidation
CUST-1117,41,Female,81366.72,Employed,699,12213.14,0.1501,17890.55,0.4981,0,0,0,Small Business
CUST-1118,40,Female,52373.77,Employed,686,12936.32,0.247,12361.28,0.3855,0,0,0,Auto
CUST-1119,47,Male,78963.27,Self-Employed,713,25931.54,0.3284,11207.83,0.2229,0,0,0,Small Business
CUST-1120,46,Female,46185.32,Employed,606,8179.42,0.1771,8352.44,0.5675,0,0,0,Home Improvement
CUST-1121,44,Male,50964.97,Employed,692,4026.23,0.079,7048.14,0.4134,0,0,0,Personal
CUST-1122,25,Female,79314.71,Employed,743,21526.01,0.2714,13745.92,0.2659,0,0,0,Personal
CUST-1123,21,Male,35967.77,Student,512,17753.69,0.4936,3171.11,0.5782,1,1,0,Personal
CUST-1124,42,Male,81736.25,Employed,653,4086.81,0.05,9354.59,0.3648,0,0,0,Home Improvement
CUST-1125,33,Male,165962.03,Employed,695,42685.43,0.2572,18507.68,0.5969,0,0,0,Personal
CUST-1126,38,Female,25000.0,Self-Employed,582,11020.0,0.4408,6242.29,0.4574,0,0,0,Auto
CUST-1127,56,Male,56610.69,Employed,734,13105.37,0.2315,10591.37,0.2376,0,0,0,Auto
CUST-1128,34,Female,28073.13,Employed,605,7981.19,0.2843,7135.78,0.4765,0,0,0,Auto
CUST-1129,51,Female,35044.58,Employed,633,7096.53,0.2025,7323.39,0.517,1,0,0,Home Improvement
CUST-1130,28,Female,74465.46,Employed,594,14006.95,0.1881,6892.45,0.3966,0,0,0,Auto
CUST-1131,27,Male,45529.29,Self-Employed,613,9078.54,0.1994,9250.35,0.4874,2,0,0,Home Improvement
CUST-1132,36,Male,193036.19,Self-Employed,716,29148.46,0.151,24599.85,0.3194,0,0,0,Small Business
CUST-1133,42,Male,65615.61,Employed,570,19842.16,0.3024,7251.51,0.4262,2,0,0,Auto
CUST-1134,65,Male,87635.75,Employed,707,21277.96,0.2428,21158.84,0.423,0,0,0,Home Improvement
CUST-1135,53,Male,45376.88,Employed,538,13499.62,0.2975,5827.16,0.82,6,2,1,Debt Consolidation
CUST-1136,42,Female,54199.59,Self-Employed,579,21457.62,0.3959,5355.3,0.5752,2,1,1,Auto
CUST-1137,35,Male,34347.57,Student,625,11056.48,0.3219,6006.35,0.3795,1,0,0,Personal
CUST-1138,35,Female,74010.44,Employed,619,19301.92,0.2608,7432.74,0.3812,0,0,0,Auto
CUST-1139,40,Female,127315.76,Employed,850,19644.82,0.1543,23744.19,0.1452,0,0,0,Auto
CUST-1140,48,Male,63771.09,Employed,518,13729.92,0.2153,8789.84,0.6867,0,0,0,Auto
CUST-1141,40,Female,35276.15,Self-Employed,640,10251.25,0.2906,6834.96,0.3094,2,0,0,Debt Consolidation
CUST-1142,29,Male,72656.4,Employed,528,28532.17,0.3927,11425.7,0.6186,1,0,0,Small Business
CUST-1143,35,Male,35255.53,Employed,653,3603.12,0.1022,8758.9,0.3631,0,0,0,Personal
CUST-1144,41,Female,84421.6,Employed,850,4888.01,0.0579,23465.95,0.156,0,0,0,Auto
CUST-1145,28,Female,25000.0,Self-Employed,775,9157.5,0.3663,7410.93,0.1448,0,0,0,Home Improvement
CUST-1146,31,Male,69246.6,Employed,670,11661.13,0.1684,11492.03,0.5378,0,0,0,Debt Consolidation
CUST-1147,49,Female,67895.08,Self-Employed,676,17062.03,0.2513,12219.11,0.5302,0,0,0,Home Improvement
CUST-1148,58,Male,41988.49,Employed,633,7243.01,0.1725,5394.23,0.4653,3,0,0,Debt Consolidation
CUST-1149,24,Male,68495.85,Employed,632,23692.71,0.3459,8494.26,0.3538,0,0,0,Personal
CUST-1150,52,Male,63239.32,Employed,588,35913.61,0.5679,9088.79,0.7998,1,1,0,Personal
CUST-1151,31,Female,57049.1,Employed,499,9122.15,0.1599,5912.22,0.5063,0,0,0,Small Business
CUST-1152,51,Male,87093.24,Employed,466,31414.53,0.3607,4825.94,0.598,3,2,1,Personal
CUST-1153,41,Male,46864.5,Employed,643,7582.68,0.1618,10786.19,0.2265,0,0,0,Personal
CUST-1154,43,Male,190265.23,Employed,682,18436.7,0.0969,25920.9,0.2538,0,0,0,Home Improvement
CUST-1155,41,Female,76894.11,Self-Employed,620,14071.62,0.183,7646.02,0.5156,2,0,0,Auto
CUST-1156,33,Female,57355.64,Employed,676,16128.41,0.2812,9761.71,0.2593,0,0,0,Auto
CUST-1157,37,Female,26453.37,Self-Employed,659,7846.07,0.2966,7324.05,0.3634,0,0,0,Debt Consolidation
CUST-1158,35,Male,35365.13,Employed,717,7363.02,0.2082,5868.19,0.4716,0,0,0,Small Business
CUST-1159,49,Female,121080.05,Employed,535,22993.1,0.1899,14080.33,0.6568,1,1,1,Auto
CUST-1160,58,Female,54374.49,Employed,514,18666.76,0.3433,5970.62,0.6339,1,0,1,Debt Consolidation
CUST-1161,50,Female,73764.45,Self-Employed,481,33828.38,0.4586,4321.13,0.6957,5,2,1,Small Business
CUST-1162,22,Female,50484.96,Employed,570,14145.89,0.2802,9188.01,0.4879,1,0,0,Home Improvement
CUST-1163,51,Female,58052.12,Employed,663,25351.36,0.4367,13071.87,0.4379,0,0,0,Small Business
CUST-1164,30,Male,122896.0,Self-Employed,626,51862.11,0.422,11408.4,0.5381,0,0,0,Personal
CUST-1165,27,Male,101573.96,Employed,601,39989.67,0.3937,8785.76,0.5248,2,0,0,Personal
CUST-1166,37,Male,37099.39,Unemployed,510,15433.35,0.416,6177.46,0.6565,1,1,0,Personal
CUST-1167,62,Female,67785.16,Employed,638,5761.74,0.085,14144.2,0.3866,1,0,0,Personal
CUST-1168,29,Female,52267.35,Employed,703,16051.3,0.3071,12484.27,0.3474,0,0,0,Personal
CUST-1169,31,Female,86266.5,Employed,646,19927.56,0.231,13629.85,0.4385,1,0,0,Auto
CUST-1170,30,Male,102998.29,Self-Employed,628,34669.22,0.3366,17379.48,0.3903,0,0,0,Personal
CUST-1171,36,Female,36624.62,Self-Employed,825,8266.18,0.2257,10056.69,0.4416,0,0,0,Home Improvement
CUST-1172,47,Female,77620.8,Employed,662,20460.84,0.2636,8348.8,0.5572,0,0,0,Small Business
CUST-1173,51,Male,64599.19,Employed,578,17054.19,0.264,10668.42,0.5894,0,0,0,Home Improvement
CUST-1174,24,Male,63340.55,Employed,747,12889.8,0.2035,14349.36,0.4398,0,0,0,Personal
CUST-1175,46,Female,59862.98,Employed,550,7680.42,0.1283,8171.97,0.4235,1,1,0,Small Business
CUST-1176,47,Male,137913.4,Employed,558,43401.35,0.3147,17402.92,0.7809,6,2,1,Auto
CUST-1177,61,Male,75889.37,Employed,532,16080.96,0.2119,9689.26,0.6127,6,3,1,Personal
CUST-1178,41,Female,39483.27,Unemployed,349,17660.87,0.4473,2699.64,0.8633,6,3,1,Debt Consolidation
CUST-1179,31,Female,39709.65,Employed,635,14017.51,0.353,8267.91,0.4656,2,0,0,Home Improvement
CUST-1180,44,Female,76753.81,Self-Employed,687,29404.38,0.3831,10580.44,0.5642,0,0,0,Debt Consolidation
CUST-1181,35,Male,36446.52,Employed,596,11130.77,0.3054,6633.9,0.5533,0,0,1,Small Business
CUST-1182,23,Female,105436.06,Self-Employed,832,8719.56,0.0827,22792.83,0.1841,0,0,0,Personal
CUST-1183,42,Male,38345.09,Employed,672,11699.09,0.3051,6470.76,0.4878,0,0,0,Home Improvement
CUST-1184,39,Male,69256.96,Self-Employed,528,35106.35,0.5069,7513.06,0.723,2,0,1,Small Business
CUST-1185,25,Male,88831.52,Employed,635,19045.48,0.2144,13109.72,0.3504,0,0,0,Small Business
CUST-1186,45,Female,53790.44,Employed,594,8434.34,0.1568,10366.79,0.4537,2,0,0,Small Business
CUST-1187,28,Male,63183.47,Employed,753,10368.41,0.1641,9327.18,0.1555,0,0,0,Personal
CUST-1188,57,Male,39760.93,Employed,649,6218.61,0.1564,9271.3,0.4002,0,0,0,Personal
CUST-1189,35,Female,144080.47,Self-Employed,655,25948.89,0.1801,28392.9,0.5277,1,0,0,Auto
CUST-1190,24,Male,47567.8,Employed,529,19445.72,0.4088,6598.41,0.6134,2,0,0,Debt Consolidation
CUST-1191,40,Female,50399.96,Employed,714,12605.03,0.2501,9460.13,0.5042,0,0,0,Personal
CUST-1192,54,Male,74664.76,Employed,573,11976.23,0.1604,8261.76,0.5057,3,0,0,Home Improvement
CUST-1193,45,Female,44765.99,Employed,568,18743.52,0.4187,5601.84,0.616,4,3,1,Debt Consolidation
CUST-1194,42,Male,35476.29,Employed,570,10738.67,0.3027,7055.31,0.4653,3,3,1,Auto
CUST-1195,28,Female,104395.51,Employed,602,23749.98,0.2275,9865.36,0.4198,0,0,0,Home Improvement
CUST-1196,34,Male,69087.55,Employed,544,20995.71,0.3039,11683.64,0.6057,1,0,0,Auto
CUST-1197,44,Male,45176.1,Employed,637,7101.68,0.1572,8392.35,0.525,0,0,0,Small Business
CUST-1198,41,Female,64677.8,Employed,694,15690.83,0.2426,10121.21,0.2531,0,0,0,Auto
CUST-1199,31,Male,34232.81,Student,732,6993.76,0.2043,9479.59,0.2957,0,0,0,Debt Consolidation
CUST-1200,41,Female,56745.74,Employed,791,20246.88,0.3568,9211.29,0.4562,0,0,0,Auto
CUST-1201,30,Female,44773.73,Employed,687,2883.43,0.0644,9005.06,0.3108,0,0,0,Personal
CUST-1202,35,Male,144491.57,Self-Employed,657,76031.46,0.5262,26455.82,0.6824,0,0,0,Small Business
CUST-1203,44,Female,47100.26,Employed,641,4775.97,0.1014,8181.79,0.4055,0,0,0,Debt Consolidation
CUST-1204,49,Female,43726.72,Unemployed,430,25921.2,0.5928,3060.17,0.8066,3,2,1,Debt Consolidation
CUST-1205,22,Male,77929.09,Employed,563,19412.14,0.2491,9187.57,0.6148,0,0,0,Personal
CUST-1206,39,Female,53068.4,Employed,814,10571.23,0.1992,8716.53,0.3846,0,0,0,Debt Consolidation
CUST-1207,38,Male,87749.84,Employed,688,31510.97,0.3591,15176.1,0.5271,0,0,0,Home Improvement
CUST-1208,42,Male,68292.0,Employed,678,19674.93,0.2881,12057.13,0.3793,0,0,0,Small Business
CUST-1209,21,Male,35138.12,Employed,713,10158.43,0.2891,8668.38,0.4591,0,0,0,Home Improvement
CUST-1210,37,Female,55514.29,Self-Employed,586,14328.24,0.2581,9492.73,0.5816,0,0,0,Home Improvement
CUST-1211,47,Male,27093.67,Student,626,4481.29,0.1654,5942.0,0.4549,2,0,0,Auto
CUST-1212,53,Female,90132.64,Employed,555,22551.19,0.2502,11098.22,0.6642,1,0,0,Home Improvement
CUST-1213,48,Female,98528.3,Self-Employed,660,29844.22,0.3029,12802.59,0.3187,0,0,0,Auto
CUST-1214,51,Female,26240.86,Student,624,6557.59,0.2499,5487.49,0.5774,3,0,0,Small Business
CUST-1215,35,Male,32840.24,Self-Employed,603,10607.4,0.323,5351.61,0.6107,0,0,0,Auto
CUST-1216,24,Female,41933.68,Self-Employed,742,14240.68,0.3396,11133.01,0.4344,0,0,0,Personal
CUST-1217,40,Male,39833.87,Unemployed,558,12232.98,0.3071,7206.55,0.6924,5,0,1,Home Improvement
CUST-1218,60,Female,59594.92,Employed,598,20441.06,0.343,8291.9,0.484,6,2,1,Auto
CUST-1219,25,Male,61172.82,Employed,662,3058.64,0.05,10723.05,0.3802,0,0,0,Debt Consolidation
CUST-1220,38,Male,78695.44,Employed,621,22499.03,0.2859,14375.74,0.4897,0,0,0,Home Improvement
CUST-1221,24,Male,88324.51,Employed,612,21365.7,0.2419,12803.53,0.5113,1,0,0,Personal
CUST-1222,51,Male,57815.83,Employed,633,16997.85,0.294,8158.57,0.6098,0,0,0,Auto
CUST-1223,56,Female,65348.9,Self-Employed,643,16043.15,0.2455,6320.29,0.4716,0,0,0,Debt Consolidation
CUST-1224,48,Male,36073.59,Self-Employed,718,9509.0,0.2636,10062.68,0.4573,0,0,0,Home Improvement
CUST-1225,58,Female,126365.19,Self-Employed,519,61274.48,0.4849,12272.32,0.5564,2,0,0,Debt Consolidation
CUST-1226,33,Female,48419.96,Employed,780,13552.75,0.2799,12873.29,0.2935,0,0,0,Debt Consolidation
CUST-1227,44,Female,131313.24,Employed,730,36728.31,0.2797,17835.99,0.2794,0,0,0,Personal
CUST-1228,52,Male,70172.49,Employed,579,16848.41,0.2401,8145.05,0.3924,4,0,0,Small Business
CUST-1229,35,Female,44339.19,Employed,778,5905.98,0.1332,10387.56,0.3317,0,0,0,Home Improvement
CUST-1230,41,Female,109517.03,Employed,761,11039.32,0.1008,22816.68,0.4011,0,0,0,Home Improvement
CUST-1231,59,Male,90324.53,Employed,775,26970.9,0.2986,21233.78,0.3793,0,0,0,Personal
CUST-1232,37,Male,42644.8,Employed,687,4191.98,0.0983,6845.44,0.5451,0,0,0,Auto
CUST-1233,39,Male,102204.23,Self-Employed,619,34381.5,0.3364,12395.47,0.4029,6,1,0,Small Business
CUST-1234,24,Male,72671.49,Self-Employed,572,19664.91,0.2706,6824.22,0.5042,1,0,0,Personal
CUST-1235,51,Female,59276.03,Employed,673,13621.63,0.2298,10895.53,0.5176,0,0,0,Home Improvement
CUST-1236,21,Female,35660.9,Employed,747,8558.62,0.24,9183.71,0.3065,0,0,0,Home Improvement
CUST-1237,31,Male,98538.91,Employed,725,5774.38,0.0586,23966.45,0.334,0,0,0,Debt Consolidation
CUST-1238,41,Male,79889.95,Employed,619,29495.37,0.3692,15761.7,0.6411,1,0,0,Home Improvement
CUST-1239,50,Female,28838.01,Employed,594,3760.48,0.1304,5327.37,0.3529,0,0,0,Small Business
CUST-1240,63,Female,47364.57,Self-Employed,744,3883.89,0.082,10337.43,0.2306,0,0,0,Debt Consolidation
CUST-1241,38,Male,41676.71,Employed,811,4163.5,0.0999,10158.0,0.2753,0,0,0,Debt Consolidation
CUST-1242,38,Male,98972.82,Employed,751,22229.3,0.2246,13814.83,0.6325,0,0,0,Auto
CUST-1243,38,Male,86418.79,Employed,676,6965.35,0.0806,8670.11,0.3238,0,0,0,Small Business
CUST-1244,41,Male,70657.99,Employed,542,21063.15,0.2981,8783.63,0.5064,1,1,0,Personal
CUST-1245,27,Female,103395.89,Employed,534,56361.1,0.5451,14618.81,0.5324,2,1,1,Debt Consolidation
CUST-1246,45,Female,34182.13,Student,600,6768.06,0.198,4397.02,0.3782,1,1,0,Auto
CUST-1247,35,Male,73301.69,Employed,699,28851.55,0.3936,10559.84,0.5491,0,0,0,Personal
CUST-1248,32,Female,56358.77,Employed,645,15628.29,0.2773,8363.76,0.5371,3,0,0,Debt Consolidation
CUST-1249,27,Male,31274.79,Self-Employed,695,9463.75,0.3026,6347.42,0.4641,0,0,0,Small Business
CUST-1250,39,Male,25694.57,Unemployed,625,5637.39,0.2194,6594.28,0.4189,6,0,1,Small Business
CUST-1251,65,Female,54137.08,Employed,666,13588.41,0.251,10010.43,0.4659,0,0,0,Personal
CUST-1252,33,Female,100806.92,Employed,704,5040.35,0.05,17869.9,0.276,1,0,0,Auto
CUST-1253,29,Male,85851.99,Self-Employed,471,22913.9,0.2669,4752.78,0.6699,0,0,0,Personal
CUST-1254,21,Male,32543.43,Self-Employed,637,13049.92,0.401,5181.29,0.5362,0,0,0,Debt Consolidation
CUST-1255,50,Male,37585.38,Employed,776,3401.48,0.0905,6441.43,0.2551,0,0,0,Home Improvement
CUST-1256,46,Male,99829.16,Employed,638,28830.66,0.2888,13614.74,0.4101,1,0,0,Small Business
CUST-1257,40,Female,25000.0,Self-Employed,632,7237.5,0.2895,5751.59,0.5099,0,0,0,Home Improvement
CUST-1258,26,Female,61183.13,Employed,724,21469.16,0.3509,10207.76,0.3391,0,0,0,Home Improvement
CUST-1259,39,Male,104004.53,Employed,591,23380.22,0.2248,10390.16,0.5052,1,1,0,Home Improvement
CUST-1260,23,Female,29134.62,Unemployed,506,8224.7,0.2823,6284.21,0.5612,1,0,0,Home Improvement
CUST-1261,28,Female,51650.05,Employed,515,14069.47,0.2724,7593.41,0.8059,2,2,1,Auto
CUST-1262,24,Female,58162.99,Employed,540,14232.48,0.2447,6687.77,0.4727,1,1,0,Personal
CUST-1263,40,Male,119658.91,Employed,575,38733.59,0.3237,16170.12,0.4255,4,0,0,Personal
CUST-1264,25,Female,106861.58,Self-Employed,683,23402.69,0.219,20175.49,0.3407,0,0,0,Personal
CUST-1265,30,Female,83669.46,Self-Employed,611,31551.75,0.3771,10060.88,0.5654,0,0,0,Home Improvement
CUST-1266,51,Male,41128.19,Employed,628,7045.26,0.1713,8154.85,0.4472,0,0,0,Small Business
CUST-1267,47,Female,79839.04,Self-Employed,634,33117.23,0.4148,14904.82,0.4494,1,0,0,Home Improvement
CUST-1268,42,Female,95712.1,Employed,747,34542.5,0.3609,11870.0,0.2508,0,0,0,Home Improvement
CUST-1269,65,Male,38150.22,Student,594,9331.54,0.2446,8064.17,0.5829,0,0,0,Small Business
CUST-1270,46,Male,29485.15,Employed,600,13852.12,0.4698,6393.4,0.5107,1,0,0,Home Improvement
CUST-1271,36,Male,83000.32,Self-Employed,636,29705.81,0.3579,8818.42,0.388,0,0,0,Small Business
CUST-1272,42,Female,104171.9,Employed,651,25720.04,0.2469,21017.77,0.3944,1,0,0,Home Improvement
CUST-1273,50,Male,38010.81,Unemployed,573,20898.34,0.5498,5289.66,0.6755,6,2,1,Debt Consolidation
CUST-1274,47,Male,85102.83,Employed,602,23616.04,0.2775,13448.62,0.4658,0,0,0,Personal
CUST-1275,53,Female,67854.05,Employed,608,17357.07,0.2558,6179.25,0.4504,1,1,0,Home Improvement
CUST-1276,33,Female,70691.97,Employed,607,11317.78,0.1601,7054.72,0.5108,0,0,0,Small Business
CUST-1277,41,Male,139091.35,Self-Employed,722,56290.27,0.4047,23146.95,0.3542,0,0,0,Home Improvement
CUST-1278,40,Male,31254.14,Unemployed,580,10770.18,0.3446,5337.29,0.5108,0,0,0,Home Improvement
CUST-1279,59,Male,26580.17,Student,515,8808.67,0.3314,5228.65,0.5566,2,0,0,Small Business
CUST-1280,40,Female,49236.38,Employed,783,8217.55,0.1669,8414.0,0.1702,0,0,0,Personal
CUST-1281,40,Female,42599.0,Unemployed,537,6726.38,0.1579,5903.74,0.6199,4,3,1,Auto
CUST-1282,31,Female,81741.59,Self-Employed,837,26173.66,0.3202,20911.02,0.2087,0,0,0,Debt Consolidation
CUST-1283,31,Male,34963.91,Self-Employed,712,7125.64,0.2038,5996.91,0.2682,0,0,0,Home Improvement
CUST-1284,38,Male,50983.0,Employed,689,5297.13,0.1039,9239.11,0.3658,0,0,0,Small Business
CUST-1285,21,Male,81668.73,Employed,773,14177.69,0.1736,9393.73,0.4342,0,0,0,Auto
CUST-1286,41,Female,36186.9,Self-Employed,461,13675.03,0.3779,3842.06,0.7081,3,2,1,Small Business
CUST-1287,39,Male,45817.37,Self-Employed,696,12773.88,0.2788,9368.07,0.4778,0,0,0,Small Business
CUST-1288,40,Female,117337.98,Employed,763,27926.44,0.238,15379.71,0.5238,0,0,0,Home Improvement
CUST-1289,46,Female,36207.96,Employed,529,12144.15,0.3354,6341.11,0.7657,2,0,0,Auto
CUST-1290,39,Female,36571.09,Unemployed,555,11216.35,0.3067,5568.45,0.6555,6,0,1,Home Improvement
CUST-1291,30,Female,48271.46,Employed,645,5647.76,0.117,9281.24,0.4996,0,0,0,Personal
CUST-1292,52,Male,49510.08,Self-Employed,607,9283.14,0.1875,9199.28,0.4116,2,0,0,Debt Consolidation
CUST-1293,21,Female,32972.08,Self-Employed,578,6742.79,0.2045,6285.02,0.5948,0,0,0,Debt Consolidation
CUST-1294,44,Female,63625.09,Employed,624,27556.03,0.4331,13475.75,0.5622,0,0,0,Home Improvement
CUST-1295,41,Male,128079.2,Employed,756,24053.27,0.1878,27896.22,0.1328,0,0,0,Auto
CUST-1296,48,Male,31253.08,Unemployed,582,10363.52,0.3316,5039.57,0.544,0,0,0,Small Business
CUST-1297,52,Female,35002.55,Student,571,9692.21,0.2769,5861.37,0.4766,6,3,1,Auto
CUST-1298,46,Male,67103.24,Employed,588,15816.23,0.2357,8538.53,0.5452,1,0,0,Auto
CUST-1299,43,Male,54593.34,Self-Employed,626,16143.25,0.2957,11517.8,0.3768,0,0,0,Home Improvement
CUST-1300,34,Male,58303.01,Employed,601,11194.18,0.192,8302.03,0.4023,0,0,0,Debt Consolidation
CUST-1301,31,Male,103115.87,Employed,592,9239.18,0.0896,14508.19,0.2877,0,0,0,Debt Consolidation
CUST-1302,30,Female,31374.29,Student,619,9293.06,0.2962,5227.48,0.3989,2,0,0,Home Improvement
CUST-1303,40,Female,34830.94,Employed,564,4653.41,0.1336,6663.32,0.6022,6,0,0,Debt Consolidation
CUST-1304,46,Male,59490.82,Employed,616,18929.98,0.3182,6535.15,0.5394,0,0,0,Personal
CUST-1305,29,Male,70373.16,Employed,596,11344.15,0.1612,11006.94,0.4859,0,0,0,Debt Consolidation
CUST-1306,25,Male,66802.42,Employed,576,28411.07,0.4253,8295.52,0.6732,2,1,0,Small Business
CUST-1307,43,Female,44716.35,Employed,556,3997.64,0.0894,8100.39,0.3265,3,1,0,Auto
CUST-1308,56,Female,47220.12,Employed,755,13075.25,0.2769,9640.56,0.3096,0,0,0,Debt Consolidation
CUST-1309,33,Male,40993.2,Unemployed,520,20127.66,0.491,7984.93,0.5048,3,1,1,Debt Consolidation
CUST-1310,21,Male,38109.46,Unemployed,467,19420.58,0.5096,5170.37,0.8009,5,2,1,Small Business
CUST-1311,48,Male,25000.0,Employed,626,8212.5,0.3285,5841.54,0.5339,0,0,0,Small Business
CUST-1312,34,Male,49016.75,Employed,637,11161.11,0.2277,7680.39,0.4292,0,0,0,Home Improvement
CUST-1313,42,Male,54166.91,Employed,700,6007.11,0.1109,12529.79,0.3711,0,0,0,Personal
CUST-1314,31,Female,52672.24,Employed,598,5556.92,0.1055,9181.74,0.5929,1,1,0,Debt Consolidation
CUST-1315,49,Female,30924.38,Employed,629,6231.26,0.2015,4965.09,0.2757,3,0,0,Personal
CUST-1316,30,Female,91835.18,Employed,678,27614.84,0.3007,19174.47,0.4632,0,0,0,Small Business
CUST-1317,53,Male,79743.69,Self-Employed,603,22192.67,0.2783,13085.07,0.4236,0,0,0,Auto
CUST-1318,34,Female,65257.25,Self-Employed,849,16164.22,0.2477,18574.07,0.3608,0,0,0,Home Improvement
CUST-1319,42,Male,84103.37,Self-Employed,637,31866.77,0.3789,9264.39,0.5705,0,0,0,Personal
CUST-1320,25,Male,33203.23,Employed,642,6272.09,0.1889,4648.99,0.3625,0,0,0,Home Improvement
CUST-1321,51,Male,70695.49,Employed,724,11205.24,0.1585,12965.74,0.2212,0,0,0,Auto
CUST-1322,23,Male,187968.27,Self-Employed,676,74454.23,0.3961,30274.89,0.643,0,0,0,Home Improvement
CUST-1323,32,Female,59939.52,Employed,613,14499.37,0.2419,7467.34,0.6111,0,0,0,Small Business
CUST-1324,40,Female,32595.72,Employed,644,13680.42,0.4197,5588.19,0.5591,0,0,0,Home Improvement
CUST-1325,38,Female,37984.63,Unemployed,559,9940.58,0.2617,4419.27,0.5362,6,0,1,Small Business
CUST-1326,46,Female,25000.0,Self-Employed,659,8605.0,0.3442,4962.44,0.5293,0,0,0,Small Business
CUST-1327,32,Male,38420.18,Student,601,9416.79,0.2451,4872.06,0.4697,0,0,0,Home Improvement
CUST-1328,30,Female,82115.43,Employed,581,18393.86,0.224,12498.91,0.5758,0,0,0,Auto
CUST-1329,30,Male,93538.34,Employed,531,20419.42,0.2183,8505.58,0.5961,5,0,1,Debt Consolidation
CUST-1330,35,Male,74561.31,Employed,540,21041.2,0.2822,8324.51,0.5447,0,0,0,Home Improvement
CUST-1331,35,Male,54371.92,Employed,654,14076.89,0.2589,9447.55,0.3638,0,0,0,Auto
CUST-1332,30,Female,44598.03,Employed,567,14592.48,0.3272,7413.57,0.7021,3,1,0,Home Improvement
CUST-1333,29,Female,102518.89,Employed,788,18822.47,0.1836,17238.55,0.1961,0,0,0,Home Improvement
CUST-1334,32,Female,41595.3,Unemployed,622,11746.51,0.2824,8801.12,0.4426,0,0,1,Auto
CUST-1335,34,Male,77508.07,Self-Employed,662,19028.23,0.2455,16154.27,0.6762,0,0,0,Auto
CUST-1336,29,Male,71503.16,Employed,651,3575.16,0.05,10806.64,0.3712,1,0,0,Home Improvement
CUST-1337,37,Male,42363.25,Employed,669,3706.78,0.0875,6211.67,0.3512,0,0,0,Personal
CUST-1338,49,Male,51677.9,Self-Employed,612,29694.12,0.5746,9972.32,0.5308,0,0,0,Personal
CUST-1339,39,Male,76327.83,Employed,581,21867.92,0.2865,7821.66,0.4861,0,0,0,Debt Consolidation
CUST-1340,36,Male,63616.42,Self-Employed,572,34810.91,0.5472,10929.69,0.6182,3,3,1,Debt Consolidation
CUST-1341,45,Female,68183.41,Employed,633,9600.22,0.1408,12463.27,0.6006,2,0,0,Personal
CUST-1342,45,Female,62535.06,Employed,538,28028.21,0.4482,5569.91,0.5991,1,0,0,Small Business
CUST-1343,64,Male,57894.51,Employed,685,18584.14,0.321,7344.49,0.5408,0,0,0,Home Improvement
CUST-1344,43,Female,27542.32,Student,595,8058.88,0.2926,6336.26,0.4654,0,0,0,Auto
CUST-1345,34,Male,114690.8,Self-Employed,691,35886.75,0.3129,12387.28,0.4311,0,0,0,Personal
CUST-1346,58,Male,95340.37,Self-Employed,625,36095.86,0.3786,18182.16,0.5284,2,0,0,Auto
CUST-1347,40,Female,40011.49,Employed,643,5713.64,0.1428,5513.02,0.1849,0,0,0,Personal
CUST-1348,44,Female,67713.33,Employed,616,20307.23,0.2999,8165.09,0.567,2,1,0,Personal
CUST-1349,27,Male,57182.1,Employed,677,16422.7,0.2872,8679.25,0.4416,0,0,0,Debt Consolidation
CUST-1350,31,Female,153611.07,Self-Employed,715,7680.55,0.05,16375.09,0.2786,0,0,0,Small Business
CUST-1351,39,Female,88973.47,Employed,601,22990.74,0.2584,7263.58,0.6793,0,0,0,Auto
CUST-1352,28,Female,122820.08,Employed,637,38405.84,0.3127,19096.94,0.6102,0,0,0,Auto
CUST-1353,21,Male,49407.03,Employed,662,6936.75,0.1404,7388.81,0.4091,0,0,0,Home Improvement
CUST-1354,39,Male,49810.54,Employed,550,14634.34,0.2938,8573.97,0.4842,6,1,1,Auto
CUST-1355,39,Female,126600.41,Employed,667,35422.79,0.2798,20760.29,0.4918,0,0,0,Personal
CUST-1356,25,Female,28285.52,Employed,706,7266.55,0.2569,7259.86,0.4789,0,0,0,Auto
CUST-1357,36,Female,77550.15,Employed,658,22218.12,0.2865,10431.74,0.4498,1,0,0,Personal
CUST-1358,31,Female,102073.0,Employed,651,27549.5,0.2699,20171.83,0.3752,3,0,0,Debt Consolidation
CUST-1359,48,Male,148618.95,Employed,688,27598.54,0.1857,27428.44,0.4129,0,0,0,Debt Consolidation
CUST-1360,28,Female,25000.0,Employed,596,3045.0,0.1218,4194.35,0.4941,0,0,0,Debt Consolidation
CUST-1361,34,Male,56842.13,Employed,688,24385.27,0.429,12334.8,0.5837,0,0,0,Home Improvement
CUST-1362,48,Female,62006.91,Employed,628,26402.54,0.4258,9605.37,0.5798,0,0,0,Debt Consolidation
CUST-1363,23,Male,35627.25,Student,635,13809.12,0.3876,8067.68,0.5679,1,0,0,Auto
CUST-1364,39,Male,26589.95,Employed,701,6328.41,0.238,6482.71,0.5543,0,0,0,Auto
CUST-1365,42,Male,41289.2,Employed,612,2753.99,0.0667,8156.56,0.4747,2,2,0,Auto
CUST-1366,53,Male,61265.12,Employed,718,7615.25,0.1243,10481.19,0.3338,0,0,0,Small Business
CUST-1367,42,Female,34374.95,Student,583,7528.11,0.219,5510.39,0.4755,0,0,0,Home Improvement
CUST-1368,38,Male,49568.8,Employed,637,4029.94,0.0813,9261.54,0.333,0,0,0,Personal
CUST-1369,41,Male,125418.97,Employed,561,11990.05,0.0956,17579.39,0.4335,6,0,0,Debt Consolidation
CUST-1370,31,Male,56054.49,Employed,489,21250.26,0.3791,5395.22,0.6886,2,2,1,Auto
CUST-1371,46,Male,121780.5,Employed,670,13164.47,0.1081,21358.41,0.3493,0,0,0,Auto
CUST-1372,41,Male,33237.29,Employed,606,15412.13,0.4637,7231.46,0.4804,0,0,0,Small Business
CUST-1373,24,Female,94221.24,Self-Employed,577,30310.97,0.3217,12557.47,0.481,0,0,0,Debt Consolidation
CUST-1374,47,Female,87437.6,Self-Employed,651,28478.43,0.3257,17701.81,0.4723,3,0,0,Personal
CUST-1375,25,Female,58552.05,Employed,708,14286.7,0.244,7578.69,0.3342,0,0,0,Debt Consolidation
CUST-1376,35,Female,56794.35,Employed,512,18395.69,0.3239,8411.43,0.5561,6,2,1,Auto
CUST-1377,43,Male,25000.0,Employed,489,10457.5,0.4183,4130.72,0.5904,5,2,1,Debt Consolidation
CUST-1378,27,Female,44139.21,Employed,631,18079.42,0.4096,6917.98,0.5767,0,0,0,Auto
CUST-1379,22,Male,85408.55,Employed,735,23461.73,0.2747,9513.48,0.4824,0,0,0,Debt Consolidation
CUST-1380,45,Male,31362.06,Employed,636,9386.66,0.2993,6460.7,0.6164,3,0,0,Personal
CUST-1381,34,Male,55087.45,Employed,596,18867.45,0.3425,7688.73,0.4389,0,0,0,Small Business
CUST-1382,65,Male,70149.1,Employed,713,16085.19,0.2293,7814.18,0.1924,0,0,0,Home Improvement
CUST-1383,39,Female,57000.11,Employed,606,21243.94,0.3727,8059.53,0.5687,0,0,0,Auto
CUST-1384,51,Female,48475.43,Employed,524,7121.04,0.1469,5840.67,0.6993,1,0,0,Personal
CUST-1385,38,Male,58152.77,Employed,547,6018.81,0.1035,5970.62,0.4559,6,2,1,Personal
CUST-1386,59,Female,75422.53,Employed,728,3771.13,0.05,7932.72,0.3754,0,0,0,Auto
CUST-1387,38,Female,55908.36,Employed,596,12238.34,0.2189,10964.67,0.5526,0,0,0,Debt Consolidation
CUST-1388,25,Female,107813.28,Employed,790,17519.66,0.1625,19792.6,0.2552,0,0,0,Debt Consolidation
CUST-1389,29,Male,51924.29,Self-Employed,588,23578.82,0.4541,5426.69,0.4091,0,0,0,Personal
CUST-1390,34,Female,25000.0,Employed,698,6117.5,0.2447,5439.26,0.2626,0,0,0,Auto
CUST-1391,45,Female,25501.22,Student,681,3095.85,0.1214,6977.72,0.6288,0,0,0,Personal
CUST-1392,41,Male,85429.17,Self-Employed,568,22348.27,0.2616,11556.08,0.5433,5,3,1,Small Business
CUST-1393,41,Male,47579.12,Employed,635,12503.79,0.2628,8461.85,0.4992,1,0,0,Home Improvement
CUST-1394,60,Female,106981.17,Self-Employed,585,37571.79,0.3512,12156.83,0.5284,0,0,0,Small Business
CUST-1395,40,Male,34722.89,Student,526,9343.93,0.2691,4779.56,0.6697,0,0,0,Home Improvement
CUST-1396,46,Male,25667.28,Student,534,10485.08,0.4085,4855.76,0.428,1,1,0,Debt Consolidation
CUST-1397,46,Female,77858.64,Employed,569,21348.84,0.2742,12709.29,0.4953,1,0,1,Small Business
CUST-1398,21,Female,80918.61,Employed,703,21985.59,0.2717,15980.95,0.4949,0,0,0,Small Business
CUST-1399,53,Male,32681.75,Unemployed,584,7526.61,0.2303,6878.62,0.3898,0,0,0,Auto
CUST-1400,50,Female,74319.05,Employed,607,17940.62,0.2414,9517.71,0.3945,0,0,0,Home Improvement
CUST-1401,43,Female,76717.16,Employed,735,16816.4,0.2192,14772.44,0.2723,0,0,0,Personal
CUST-1402,31,Male,48289.18,Self-Employed,599,9976.54,0.2066,8476.67,0.4518,1,0,0,Debt Consolidation
CUST-1403,52,Female,69030.03,Employed,662,15656.01,0.2268,9817.92,0.3725,0,0,0,Auto
CUST-1404,26,Female,60972.79,Employed,564,27529.21,0.4515,7946.57,0.6435,6,0,1,Debt Consolidation
CUST-1405,49,Male,120484.37,Self-Employed,613,44434.64,0.3688,10972.51,0.2797,0,0,0,Debt Consolidation
CUST-1406,26,Female,30743.75,Unemployed,507,9979.42,0.3246,5774.66,0.5886,3,2,1,Home Improvement
CUST-1407,43,Male,62671.16,Employed,638,24510.69,0.3911,7827.34,0.5343,0,0,0,Small Business
CUST-1408,32,Female,101713.04,Employed,577,16355.46,0.1608,9041.14,0.4602,1,0,0,Small Business
CUST-1409,51,Female,70893.68,Employed,597,27223.17,0.384,9622.67,0.3559,1,1,0,Auto
CUST-1410,21,Female,74396.49,Employed,676,12156.39,0.1634,14021.21,0.3365,0,0,0,Personal
CUST-1411,37,Male,48191.56,Employed,697,8091.36,0.1679,9190.05,0.3711,0,0,0,Personal
CUST-1412,37,Male,67994.22,Employed,694,10933.47,0.1608,14448.21,0.3234,0,0,0,Debt Consolidation
CUST-1413,38,Female,26810.14,Employed,620,8262.89,0.3082,4950.78,0.4719,0,0,0,Personal
CUST-1414,51,Female,151122.31,Self-Employed,651,40651.9,0.269,25034.11,0.434,6,0,0,Auto
CUST-1415,26,Male,114157.95,Employed,737,23824.76,0.2087,24642.17,0.3364,0,0,0,Debt Consolidation
CUST-1416,37,Male,90916.74,Employed,642,28066.0,0.3087,10195.75,0.4397,0,0,0,Auto
CUST-1417,37,Male,41080.06,Unemployed,517,14287.64,0.3478,5820.4,0.587,6,2,1,Debt Consolidation
CUST-1418,38,Male,116811.6,Self-Employed,588,35557.45,0.3044,12219.21,0.4336,3,0,0,Debt Consolidation
CUST-1419,39,Male,34365.52,Unemployed,473,8539.83,0.2485,4888.89,0.6715,1,0,0,Auto
CUST-1420,34,Female,76228.55,Employed,682,3811.43,0.05,11199.42,0.269,0,0,0,Home Improvement
CUST-1421,40,Male,78337.76,Self-Employed,670,29932.86,0.3821,11188.41,0.3163,0,0,0,Auto
CUST-1422,32,Male,50871.19,Employed,710,10428.59,0.205,9277.59,0.2357,0,0,0,Personal
CUST-1423,29,Male,43797.51,Self-Employed,520,14405.0,0.3289,4753.36,0.4243,1,0,0,Personal
CUST-1424,43,Female,38937.72,Student,651,6993.21,0.1796,4590.3,0.5601,2,0,0,Debt Consolidation
CUST-1425,33,Male,40784.28,Self-Employed,585,12830.73,0.3146,6860.81,0.341,6,3,0,Personal
CUST-1426,29,Female,112114.25,Self-Employed,649,42132.54,0.3758,14506.97,0.5576,3,0,0,Personal
CUST-1427,38,Male,75223.79,Self-Employed,589,29924.02,0.3978,8944.31,0.422,0,0,0,Home Improvement
CUST-1428,34,Female,70448.0,Employed,603,29355.68,0.4167,6352.48,0.5535,3,2,1,Home Improvement
CUST-1429,32,Male,37088.59,Unemployed,497,12157.64,0.3278,5142.81,0.6598,2,2,1,Auto
CUST-1430,37,Male,29297.77,Self-Employed,608,9480.76,0.3236,4146.45,0.4318,0,0,0,Debt Consolidation
CUST-1431,48,Female,38240.79,Student,604,10562.11,0.2762,7213.14,0.3478,0,0,0,Debt Consolidation
CUST-1432,41,Female,61974.11,Self-Employed,662,13374.01,0.2158,10097.38,0.5781,0,0,0,Personal
CUST-1433,56,Male,49922.89,Employed,598,7138.97,0.143,7261.39,0.4639,0,0,0,Auto
CUST-1434,53,Female,35613.39,Student,628,10587.86,0.2973,7303.12,0.4838,4,0,0,Debt Consolidation
CUST-1435,44,Female,62765.11,Self-Employed,524,20699.93,0.3298,8184.0,0.6509,3,3,1,Home Improvement
CUST-1436,47,Female,27735.75,Employed,633,5036.81,0.1816,5785.43,0.4908,2,0,0,Debt Consolidation
CUST-1437,55,Male,47973.42,Employed,756,9733.81,0.2029,9644.62,0.2139,0,0,0,Debt Consolidation
CUST-1438,31,Female,71068.9,Employed,555,4164.64,0.0586,8972.09,0.6122,0,0,0,Small Business
CUST-1439,31,Female,50790.78,Employed,687,17776.77,0.35,9176.73,0.5364,0,0,0,Auto
CUST-1440,23,Female,56018.91,Employed,525,14441.67,0.2578,7274.79,0.6199,1,0,1,Home Improvement
CUST-1441,41,Female,113889.69,Employed,614,44234.76,0.3884,17109.73,0.3253,4,2,0,Auto
CUST-1442,40,Male,74945.02,Employed,464,28239.28,0.3768,8228.89,0.6621,0,0,0,Personal
CUST-1443,49,Female,65946.13,Employed,564,17627.4,0.2673,10775.5,0.5769,2,0,0,Auto
CUST-1444,36,Female,51300.15,Employed,656,19771.08,0.3854,11884.95,0.5248,0,0,0,Personal
CUST-1445,41,Male,90263.77,Employed,738,31023.66,0.3437,13555.49,0.3395,0,0,0,Home Improvement
CUST-1446,50,Male,38275.93,Student,602,11318.19,0.2957,5484.91,0.3965,0,0,0,Small Business
CUST-1447,21,Male,44671.76,Employed,542,16845.72,0.3771,7078.91,0.3544,2,0,0,Home Improvement
CUST-1448,33,Male,49702.25,Employed,578,12032.91,0.2421,8157.46,0.5548,0,0,0,Small Business
CUST-1449,43,Female,86023.84,Self-Employed,652,35734.3,0.4154,16399.94,0.2484,0,0,0,Debt Consolidation
CUST-1450,39,Male,25856.29,Unemployed,664,11216.46,0.4338,6200.08,0.4125,0,0,0,Auto
CUST-1451,21,Male,27407.04,Student,585,5007.27,0.1827,5352.53,0.4827,1,0,0,Debt Consolidation
CUST-1452,33,Male,159958.06,Self-Employed,729,61439.89,0.3841,28296.06,0.5101,0,0,0,Auto
CUST-1453,54,Male,36519.34,Unemployed,547,17748.4,0.486,7071.86,0.7776,2,1,1,Personal
CUST-1454,34,Male,83095.41,Self-Employed,680,26241.53,0.3158,17510.51,0.451,0,0,1,Debt Consolidation
CUST-1455,37,Female,38035.12,Unemployed,621,9976.61,0.2623,8587.1,0.4647,0,0,0,Auto
CUST-1456,32,Male,55388.01,Employed,622,17148.13,0.3096,11719.73,0.6094,0,0,0,Personal
CUST-1457,32,Female,54911.86,Employed,522,9208.72,0.1677,8771.77,0.4189,1,1,0,Small Business
CUST-1458,42,Male,92299.7,Employed,674,23619.49,0.2559,16746.57,0.5083,0,0,0,Debt Consolidation
CUST-1459,44,Female,53630.87,Employed,605,14121.01,0.2633,6580.44,0.4134,0,0,0,Personal
CUST-1460,33,Male,112895.19,Employed,730,31463.89,0.2787,14747.47,0.3162,0,0,0,Personal
CUST-1461,49,Male,48929.68,Employed,584,14351.08,0.2933,6161.19,0.5219,0,0,0,Personal
CUST-1462,41,Female,31034.87,Employed,692,7594.23,0.2447,5899.21,0.4956,0,0,0,Home Improvement
CUST-1463,32,Male,58556.03,Self-Employed,380,26783.53,0.4574,4946.06,0.7583,1,0,1,Auto
CUST-1464,55,Female,141850.68,Employed,581,35632.89,0.2512,23620.72,0.5394,0,0,0,Small Business
CUST-1465,21,Female,67973.01,Employed,608,18135.2,0.2668,12007.6,0.4446,1,0,0,Debt Consolidation
CUST-1466,42,Male,34185.66,Unemployed,467,11640.22,0.3405,5306.8,0.7654,6,2,1,Debt Consolidation
CUST-1467,51,Male,31658.12,Unemployed,640,10861.9,0.3431,6308.33,0.3244,0,0,0,Debt Consolidation
CUST-1468,34,Male,25000.0,Employed,609,6095.0,0.2438,4773.75,0.5192,1,0,0,Debt Consolidation
CUST-1469,39,Male,49974.66,Self-Employed,701,18475.63,0.3697,12657.24,0.511,0,0,0,Home Improvement
CUST-1470,37,Female,55390.43,Self-Employed,579,23989.6,0.4331,7847.54,0.6203,4,2,1,Personal
CUST-1471,28,Female,101421.32,Employed,713,41785.58,0.412,10968.45,0.5554,0,0,0,Home Improvement
CUST-1472,62,Female,73275.79,Employed,685,18502.14,0.2525,11909.8,0.4164,0,0,0,Small Business
CUST-1473,25,Male,76773.26,Employed,782,16467.86,0.2145,19706.54,0.2478,0,0,0,Auto
CUST-1474,50,Female,90054.35,Self-Employed,577,29844.01,0.3314,12975.54,0.6042,2,0,0,Debt Consolidation
CUST-1475,33,Female,187941.79,Employed,668,30033.1,0.1598,38617.43,0.3578,0,0,0,Home Improvement
CUST-1476,24,Female,87811.18,Self-Employed,691,30804.16,0.3508,8616.69,0.5662,0,0,0,Personal
CUST-1477,51,Male,55980.62,Employed,560,19755.56,0.3529,5691.52,0.5737,6,2,1,Small Business
CUST-1478,39,Female,41671.73,Student,596,10234.58,0.2456,7902.04,0.3651,0,0,0,Debt Consolidation
CUST-1479,44,Female,114694.84,Employed,674,29155.43,0.2542,15152.23,0.5266,0,0,0,Auto
CUST-1480,46,Male,56103.33,Self-Employed,705,9610.5,0.1713,14975.76,0.2857,0,0,0,Auto
CUST-1481,46,Female,34070.97,Employed,702,4626.84,0.1358,4632.02,0.4121,0,0,0,Small Business
CUST-1482,53,Male,90053.07,Employed,669,14507.55,0.1611,18563.25,0.2202,0,0,0,Auto
CUST-1483,49,Male,25000.0,Employed,650,7102.5,0.2841,7434.02,0.4642,1,0,0,Personal
CUST-1484,23,Female,47632.05,Employed,679,19724.43,0.4141,7451.88,0.5179,0,0,0,Small Business
CUST-1485,31,Male,65390.9,Employed,596,14811.04,0.2265,9348.7,0.6379,0,0,0,Personal
CUST-1486,23,Male,63308.07,Employed,647,8388.32,0.1325,13899.64,0.3478,0,0,0,Personal
CUST-1487,47,Male,41365.62,Unemployed,471,21162.65,0.5116,3253.1,0.6668,5,1,1,Personal
CUST-1488,36,Female,87926.68,Employed,667,18833.89,0.2142,10636.73,0.3976,0,0,0,Auto
CUST-1489,21,Female,40997.54,Unemployed,517,14533.63,0.3545,5219.88,0.7737,1,1,1,Small Business
CUST-1490,44,Male,57073.59,Self-Employed,646,21836.36,0.3826,12295.7,0.5625,0,0,0,Auto
CUST-1491,28,Female,51135.01,Employed,642,17682.49,0.3458,8058.7,0.2891,0,0,0,Small Business
CUST-1492,24,Male,31093.69,Unemployed,484,12064.35,0.388,4134.01,0.6133,1,1,0,Small Business
CUST-1493,39,Female,32331.21,Student,604,8920.18,0.2759,6627.83,0.5342,0,0,0,Personal
CUST-1494,38,Male,65033.27,Employed,686,12935.12,0.1989,14036.48,0.3787,0,0,0,Personal
CUST-1495,42,Male,99883.98,Employed,544,20336.38,0.2036,8052.56,0.4683,3,3,0,Home Improvement
CUST-1496,21,Male,45859.79,Employed,766,4728.14,0.1031,10168.29,0.3548,0,0,0,Auto
CUST-1497,53,Male,68580.87,Self-Employed,678,24428.51,0.3562,7304.03,0.4579,0,0,0,Personal
CUST-1498,47,Male,67747.31,Employed,517,23637.04,0.3489,9259.98,0.634,0,0,0,Small Business
CUST-1499,49,Male,91893.95,Employed,621,37603.0,0.4092,14308.15,0.5478,0,0,0,Debt Consolidation
CUST-1500,26,Female,40729.94,Student,709,10500.18,0.2578,10662.23,0.3959,0,0,0,Small Business
CUST-1501,47,Male,40319.44,Unemployed,453,10624.17,0.2635,6178.81,0.5608,4,0,1,Small Business
CUST-1502,45,Male,91567.72,Employed,539,27296.34,0.2981,6534.7,0.6163,6,2,1,Home Improvement
CUST-1503,40,Female,26300.79,Student,636,2172.45,0.0826,5807.31,0.3556,1,0,0,Auto
CUST-1504,28,Female,157294.91,Employed,663,50601.77,0.3217,29243.53,0.541,0,0,0,Home Improvement
CUST-1505,44,Female,45224.08,Employed,571,14394.82,0.3183,6832.23,0.4503,3,2,1,Home Improvement
CUST-1506,34,Male,41907.98,Employed,590,8272.64,0.1974,4888.72,0.3458,0,0,0,Home Improvement
CUST-1507,29,Male,132730.94,Self-Employed,644,47504.4,0.3579,15723.28,0.4094,2,0,0,Auto
CUST-1508,51,Female,75440.85,Employed,674,15842.58,0.21,13699.09,0.4134,0,0,0,Small Business
CUST-1509,34,Female,34282.71,Employed,566,8440.4,0.2462,4362.65,0.513,6,1,1,Personal
CUST-1510,32,Male,26910.37,Employed,467,13471.33,0.5006,3090.76,0.8051,4,0,0,Small Business
CUST-1511,55,Male,99156.56,Employed,637,37758.82,0.3808,14360.53,0.4881,0,0,0,Auto
CUST-1512,42,Male,53717.96,Self-Employed,710,15583.58,0.2901,11562.1,0.5306,0,0,0,Auto
CUST-1513,32,Female,40947.75,Student,610,10183.71,0.2487,8983.01,0.6369,0,0,0,Auto
CUST-1514,45,Male,68399.29,Employed,710,23556.72,0.3444,10219.17,0.3489,0,0,0,Home Improvement
CUST-1515,56,Male,49256.45,Employed,586,9511.42,0.1931,4871.94,0.4404,4,2,1,Small Business
CUST-1516,44,Male,51398.46,Employed,627,22486.83,0.4375,8572.71,0.6937,0,0,0,Debt Consolidation
CUST-1517,21,Female,29077.84,Employed,533,11087.38,0.3813,4837.09,0.5535,6,0,1,Home Improvement
CUST-1518,28,Male,41579.63,Unemployed,520,24702.46,0.5941,5684.02,0.6221,1,0,0,Personal
CUST-1519,37,Female,26630.56,Employed,633,8023.79,0.3013,4214.2,0.3223,2,0,0,Debt Consolidation
CUST-1520,50,Male,29926.93,Unemployed,536,16145.58,0.5395,4012.52,0.6031,6,2,1,Debt Consolidation
CUST-1521,45,Female,60566.91,Employed,715,7213.52,0.1191,15120.36,0.2316,0,0,0,Home Improvement
CUST-1522,21,Male,117077.41,Employed,600,57590.38,0.4919,17421.82,0.6204,1,0,0,Small Business
CUST-1523,34,Male,99215.52,Employed,485,21609.14,0.2178,11484.69,0.6267,0,0,0,Debt Consolidation
CUST-1524,35,Male,36835.93,Self-Employed,616,7632.4,0.2072,6246.77,0.4868,1,0,0,Debt Consolidation
CUST-1525,24,Female,50104.12,Employed,617,13132.29,0.2621,9785.61,0.6508,2,2,1,Small Business
CUST-1526,38,Female,42788.98,Employed,647,7924.52,0.1852,6548.75,0.6102,0,0,0,Home Improvement
CUST-1527,21,Male,42629.41,Self-Employed,544,25104.46,0.5889,5440.76,0.5195,2,1,0,Debt Consolidation
CUST-1528,45,Male,119375.16,Self-Employed,498,56428.64,0.4727,10720.67,0.7931,6,0,0,Personal
CUST-1529,49,Male,89844.2,Employed,565,32873.99,0.3659,12066.81,0.5745,1,0,0,Personal
CUST-1530,31,Female,74541.86,Self-Employed,632,24516.82,0.3289,7636.85,0.4459,0,0,0,Small Business
CUST-1531,24,Male,53053.26,Employed,626,19109.78,0.3602,7868.95,0.4678,0,0,0,Auto
CUST-1532,39,Male,58433.08,Employed,612,20959.95,0.3587,9013.37,0.4058,1,0,0,Small Business
CUST-1533,34,Male,45772.45,Self-Employed,657,9470.32,0.2069,9164.87,0.6912,1,0,0,Small Business
CUST-1534,49,Female,39235.32,Employed,547,11017.28,0.2808,5229.53,0.3229,6,2,1,Home Improvement
CUST-1535,40,Male,46623.94,Employed,641,9446.01,0.2026,10164.09,0.4602,0,0,0,Auto
CUST-1536,21,Female,63524.14,Employed,608,20346.78,0.3203,8560.02,0.52,0,0,0,Auto
CUST-1537,21,Female,33849.88,Employed,612,7761.78,0.2293,7493.24,0.5071,0,0,0,Debt Consolidation
CUST-1538,44,Male,59429.4,Employed,661,11475.82,0.1931,7579.15,0.3681,0,0,0,Auto
CUST-1539,29,Male,32601.3,Employed,469,8238.35,0.2527,5783.62,0.7795,1,1,0,Personal
CUST-1540,38,Female,34249.28,Employed,589,10654.95,0.3111,8263.93,0.7015,3,3,1,Home Improvement
CUST-1541,49,Male,55718.55,Employed,461,24605.31,0.4416,4311.24,0.6259,1,0,0,Small Business
CUST-1542,29,Female,50706.46,Employed,571,10734.56,0.2117,5950.81,0.4608,4,2,1,Auto
CUST-1543,48,Male,94619.05,Employed,601,28366.79,0.2998,17080.53,0.5624,0,0,0,Personal
CUST-1544,21,Male,45905.14,Self-Employed,601,16475.35,0.3589,8197.09,0.5377,1,1,0,Home Improvement
CUST-1545,46,Female,138039.79,Employed,745,22997.43,0.1666,23381.66,0.4635,0,0,0,Auto
CUST-1546,55,Male,40434.31,Employed,629,4864.25,0.1203,7979.34,0.4249,1,0,0,Small Business
CUST-1547,38,Male,131863.87,Self-Employed,640,24170.65,0.1833,25151.66,0.4564,0,0,0,Small Business
CUST-1548,43,Male,69541.69,Employed,624,13748.39,0.1977,6648.62,0.5107,0,0,0,Auto
CUST-1549,45,Male,81432.23,Employed,711,31041.97,0.3812,16801.68,0.5826,0,0,0,Debt Consolidation
CUST-1550,33,Female,52187.99,Employed,644,13245.31,0.2538,9990.28,0.6562,0,0,0,Auto
CUST-1551,36,Female,35984.69,Employed,636,4958.69,0.1378,8092.01,0.3598,0,0,0,Debt Consolidation
CUST-1552,31,Male,81899.83,Self-Employed,569,33488.84,0.4089,11051.34,0.4984,1,1,0,Home Improvement
CUST-1553,51,Female,31783.06,Unemployed,440,9341.04,0.2939,3473.91,0.6341,0,0,0,Personal
CUST-1554,54,Female,46619.58,Employed,589,12736.47,0.2732,4825.8,0.3754,0,0,0,Debt Consolidation
CUST-1555,50,Male,53504.4,Self-Employed,649,17297.97,0.3233,11131.15,0.5827,0,0,0,Debt Consolidation
CUST-1556,55,Male,51405.7,Employed,608,14295.93,0.2781,6826.38,0.5828,4,1,0,Auto
CUST-1557,41,Female,66840.25,Employed,767,10507.29,0.1572,19058.48,0.1592,0,0,0,Home Improvement
CUST-1558,26,Male,122593.79,Employed,535,42086.45,0.3433,11978.45,0.6685,1,0,0,Personal
CUST-1559,43,Female,38073.56,Student,672,9251.88,0.243,6652.21,0.6144,0,0,0,Personal
CUST-1560,26,Male,37809.62,Student,691,6272.62,0.1659,8977.57,0.4232,0,0,0,Small Business
CUST-1561,23,Female,56921.07,Employed,643,14884.86,0.2615,12272.43,0.5418,0,0,0,Home Improvement
CUST-1562,43,Male,42941.07,Employed,537,13947.26,0.3248,6923.02,0.5714,3,2,0,Auto
CUST-1563,37,Male,41242.61,Employed,718,5650.24,0.137,6200.74,0.2241,0,0,0,Auto
CUST-1564,22,Female,49785.0,Self-Employed,663,15079.88,0.3029,8228.81,0.4866,0,0,0,Home Improvement
CUST-1565,32,Male,56338.53,Employed,506,16202.96,0.2876,4171.81,0.6485,5,0,1,Auto
CUST-1566,25,Male,59068.88,Employed,730,19616.78,0.3321,15085.44,0.5221,0,0,0,Home Improvement
CUST-1567,57,Female,59838.65,Self-Employed,597,6624.14,0.1107,10408.85,0.4724,0,0,0,Auto
CUST-1568,47,Female,64911.48,Self-Employed,603,17701.36,0.2727,11123.71,0.503,1,0,0,Debt Consolidation
CUST-1569,47,Male,43597.72,Employed,596,7838.87,0.1798,7817.9,0.5788,0,0,0,Small Business
CUST-1570,29,Female,41545.63,Student,654,8126.33,0.1956,6165.77,0.5424,0,0,0,Debt Consolidation
CUST-1571,50,Male,59616.21,Employed,450,9938.02,0.1667,5702.76,0.8063,4,1,1,Personal
CUST-1572,33,Male,80203.7,Employed,710,26074.22,0.3251,9709.68,0.4749,0,0,1,Small Business
CUST-1573,34,Female,84825.07,Employed,587,13487.19,0.159,14911.98,0.4319,0,0,0,Auto
CUST-1574,48,Female,33981.49,Unemployed,645,12868.79,0.3787,8108.27,0.4364,0,0,0,Home Improvement
CUST-1575,37,Female,68832.27,Employed,631,7709.21,0.112,13726.71,0.2704,0,0,0,Auto
CUST-1576,31,Female,76578.22,Employed,745,13523.71,0.1766,14558.02,0.3243,0,0,0,Home Improvement
CUST-1577,44,Male,54555.49,Employed,639,22280.46,0.4084,11271.08,0.5657,0,0,0,Debt Consolidation
CUST-1578,25,Female,39360.67,Employed,661,11729.48,0.298,5436.0,0.3935,0,0,0,Home Improvement
CUST-1579,46,Male,125156.74,Employed,649,27071.4,0.2163,23991.62,0.4273,1,0,0,Personal
CUST-1580,30,Female,84335.55,Employed,665,15222.57,0.1805,13335.35,0.3773,0,0,0,Personal
CUST-1581,28,Male,67717.93,Employed,525,9284.13,0.1371,5386.81,0.5033,4,2,1,Small Business
CUST-1582,36,Female,64363.18,Employed,597,13625.69,0.2117,8427.52,0.4809,0,0,0,Auto
CUST-1583,50,Female,61281.57,Employed,611,13151.02,0.2146,7138.82,0.4722,0,0,0,Personal
CUST-1584,46,Male,62298.24,Self-Employed,684,16521.49,0.2652,7882.61,0.4198,0,0,0,Auto
CUST-1585,44,Male,49060.73,Employed,774,2453.04,0.05,12682.76,0.2497,0,0,0,Auto
CUST-1586,31,Male,38363.8,Self-Employed,782,15748.34,0.4105,8577.48,0.5465,1,0,0,Personal
CUST-1587,21,Female,50409.59,Employed,474,13776.94,0.2733,6358.62,0.8276,4,3,1,Debt Consolidation
CUST-1588,58,Male,44981.28,Employed,651,14731.37,0.3275,9964.57,0.4903,2,0,0,Personal
CUST-1589,44,Female,216765.13,Employed,661,98671.49,0.4552,34809.47,0.5729,0,0,0,Personal
CUST-1590,56,Male,88859.98,Self-Employed,768,17940.83,0.2019,12578.45,0.2051,0,0,0,Debt Consolidation
CUST-1591,32,Female,53066.07,Employed,677,19958.15,0.3761,13239.5,0.3955,0,0,1,Small Business
CUST-1592,37,Male,43861.48,Unemployed,735,15605.91,0.3558,9733.26,0.384,0,0,0,Auto
CUST-1593,54,Male,29490.96,Unemployed,546,13725.09,0.4654,3825.43,0.6415,1,0,0,Small Business
CUST-1594,42,Female,74843.14,Employed,701,14467.18,0.1933,13405.9,0.3561,0,0,0,Personal
CUST-1595,39,Female,102849.02,Employed,694,12239.03,0.119,12092.64,0.2843,0,0,0,Small Business
CUST-1596,32,Male,90028.24,Employed,610,34507.82,0.3833,14013.39,0.4403,0,0,0,Debt Consolidation
CUST-1597,36,Female,57718.9,Self-Employed,780,18660.52,0.3233,11469.14,0.1826,0,0,0,Home Improvement
CUST-1598,49,Male,97325.33,Employed,576,14968.64,0.1538,14371.06,0.6974,1,1,0,Debt Consolidation
CUST-1599,50,Male,25634.2,Self-Employed,622,11125.24,0.434,5861.47,0.5504,1,0,0,Small Business
CUST-1600,57,Female,42660.03,Employed,782,8476.55,0.1987,7975.29,0.2546,0,0,0,Home Improvement
CUST-1601,35,Male,51891.61,Self-Employed,686,11431.72,0.2203,6746.52,0.5587,0,0,0,Small Business
CUST-1602,29,Female,46174.43,Self-Employed,490,14050.88,0.3043,4561.1,0.5943,6,0,1,Small Business
CUST-1603,46,Male,66741.39,Self-Employed,660,28318.37,0.4243,13739.86,0.5365,0,0,0,Debt Consolidation
CUST-1604,29,Male,48046.89,Employed,619,6212.46,0.1293,9694.91,0.4998,0,0,0,Home Improvement
CUST-1605,48,Female,143021.98,Employed,701,23398.4,0.1636,15884.9,0.3752,0,0,0,Home Improvement
CUST-1606,43,Female,51708.3,Employed,680,7327.07,0.1417,7784.12,0.4184,0,0,0,Auto
CUST-1607,41,Male,54337.06,Employed,650,10030.62,0.1846,8054.8,0.2128,1,0,0,Auto
CUST-1608,22,Female,67569.36,Employed,573,30352.16,0.4492,12009.57,0.6542,0,0,0,Small Business
CUST-1609,49,Female,78745.27,Employed,682,25151.24,0.3194,17461.23,0.362,0,0,0,Personal
CUST-1610,47,Male,33568.19,Employed,645,4535.06,0.1351,6487.33,0.2896,0,0,0,Small Business
CUST-1611,32,Female,86718.48,Self-Employed,729,38442.3,0.4433,11480.84,0.4415,0,0,0,Debt Consolidation
CUST-1612,30,Male,49307.36,Self-Employed,707,10117.87,0.2052,8987.56,0.4255,1,0,0,Personal
CUST-1613,36,Female,78195.11,Self-Employed,614,25124.09,0.3213,8598.43,0.584,0,0,0,Personal
CUST-1614,45,Male,59654.68,Employed,504,20741.93,0.3477,6387.43,0.5773,0,0,0,Auto
CUST-1615,47,Female,62367.54,Employed,775,8151.44,0.1307,14423.28,0.1248,0,0,0,Personal
CUST-1616,21,Female,35351.59,Employed,644,10167.12,0.2876,7557.59,0.3102,0,0,0,Personal
CUST-1617,21,Male,98204.12,Employed,556,32191.31,0.3278,10340.81,0.7394,6,0,1,Personal
CUST-1618,56,Male,31857.27,Student,652,3956.67,0.1242,4708.92,0.4639,6,0,0,Personal
CUST-1619,21,Female,41647.87,Self-Employed,596,6738.63,0.1618,4686.38,0.6465,0,0,0,Personal
CUST-1620,21,Male,81851.57,Employed,623,16648.61,0.2034,14889.77,0.5336,0,0,0,Small Business
CUST-1621,40,Male,37574.28,Self-Employed,616,12098.92,0.322,6765.34,0.5237,0,0,0,Debt Consolidation
CUST-1622,24,Male,88608.97,Employed,684,24978.87,0.2819,14020.66,0.2988,0,0,0,Auto
CUST-1623,41,Female,60539.41,Employed,647,16424.34,0.2713,9730.19,0.4945,0,0,0,Auto
CUST-1624,26,Female,70907.75,Employed,535,8452.2,0.1192,8132.28,0.5536,0,0,0,Home Improvement
CUST-1625,29,Male,62288.68,Self-Employed,552,25787.51,0.414,8095.35,0.5712,0,0,0,Home Improvement
CUST-1626,50,Female,43325.93,Unemployed,695,10671.18,0.2463,6773.08,0.2594,0,0,0,Auto
CUST-1627,27,Male,30542.22,Student,731,4251.48,0.1392,7010.01,0.3645,0,0,0,Personal
CUST-1628,38,Male,25000.0,Employed,625,10382.5,0.4153,4641.51,0.4254,2,0,0,Small Business
CUST-1629,41,Female,63705.81,Employed,652,19990.88,0.3138,10343.97,0.5241,3,0,0,Personal
CUST-1630,34,Male,35645.98,Unemployed,602,11014.61,0.309,6767.3,0.5335,0,0,0,Debt Consolidation
CUST-1631,37,Male,31415.72,Student,659,8356.58,0.266,7352.29,0.525,1,0,0,Debt Consolidation
CUST-1632,44,Male,115763.31,Employed,700,5788.17,0.05,12700.97,0.3021,0,0,0,Auto
CUST-1633,41,Female,42858.04,Self-Employed,682,13221.71,0.3085,6175.94,0.4907,0,0,0,Debt Consolidation
CUST-1634,35,Female,69509.9,Self-Employed,624,21381.25,0.3076,13130.72,0.5133,0,0,0,Auto
CUST-1635,27,Female,123336.46,Self-Employed,834,6166.82,0.05,30332.82,0.046,0,0,0,Debt Consolidation
CUST-1636,25,Male,34642.61,Unemployed,438,11778.49,0.34,4017.36,0.8111,1,0,1,Debt Consolidation
CUST-1637,22,Male,32284.46,Student,524,9811.25,0.3039,4082.26,0.638,2,0,0,Home Improvement
CUST-1638,21,Female,32141.55,Employed,673,9722.82,0.3025,6863.37,0.4774,0,0,0,Debt Consolidation
CUST-1639,28,Female,62810.68,Employed,735,20934.8,0.3333,10058.43,0.3177,0,0,0,Personal
CUST-1640,44,Male,110499.0,Employed,702,27889.95,0.2524,19307.29,0.4185,0,0,0,Home Improvement
CUST-1641,43,Male,34341.48,Unemployed,587,13794.97,0.4017,5868.67,0.5238,0,0,0,Home Improvement
CUST-1642,51,Female,92398.25,Employed,627,16280.57,0.1762,12464.78,0.5337,0,0,0,Home Improvement
CUST-1643,39,Male,55904.61,Employed,646,2795.23,0.05,9129.3,0.385,0,0,0,Small Business
CUST-1644,31,Female,76445.03,Employed,662,14149.98,0.1851,8177.35,0.4349,0,0,0,Personal
CUST-1645,60,Female,37362.9,Employed,579,12531.52,0.3354,6944.55,0.788,6,3,1,Personal
CUST-1646,21,Female,35890.41,Employed,623,7206.79,0.2008,8007.2,0.3241,0,0,0,Home Improvement
CUST-1647,47,Female,49694.42,Employed,597,6668.99,0.1342,6319.67,0.4392,0,0,0,Home Improvement
CUST-1648,31,Female,58550.76,Self-Employed,562,16511.31,0.282,6478.07,0.2929,0,0,0,Home Improvement
CUST-1649,38,Female,102854.58,Self-Employed,731,20066.93,0.1951,22067.99,0.5387,0,0,0,Auto
CUST-1650,29,Male,92904.75,Employed,616,14576.76,0.1569,14874.38,0.7353,3,2,1,Small Business
CUST-1651,27,Male,101588.73,Employed,615,26595.93,0.2618,13794.42,0.545,0,0,0,Home Improvement
CUST-1652,55,Female,25000.0,Employed,688,8520.0,0.3408,3580.87,0.5382,0,0,0,Debt Consolidation
CUST-1653,29,Female,46686.43,Employed,694,10868.6,0.2328,12113.24,0.4148,0,0,0,Debt Consolidation
CUST-1654,36,Female,29519.21,Student,504,9617.36,0.3258,4432.14,0.5859,1,0,0,Small Business
CUST-1655,30,Male,109333.43,Employed,554,53715.51,0.4913,11949.16,0.6318,0,0,0,Debt Consolidation
CUST-1656,44,Female,46486.45,Employed,559,18087.88,0.3891,7272.23,0.5351,0,0,1,Personal
CUST-1657,42,Male,127630.51,Employed,637,28206.34,0.221,17793.91,0.3943,0,0,0,Personal
CUST-1658,60,Female,43104.06,Unemployed,485,16422.65,0.381,3660.73,0.5773,3,0,1,Auto
CUST-1659,34,Female,66362.93,Self-Employed,727,18229.9,0.2747,17185.76,0.2647,0,0,0,Debt Consolidation
CUST-1660,40,Female,192618.05,Employed,837,75467.75,0.3918,32291.64,0.3601,0,0,0,Auto
CUST-1661,53,Female,52444.01,Self-Employed,574,13834.73,0.2638,8589.76,0.5569,0,0,0,Debt Consolidation
CUST-1662,52,Male,39859.36,Unemployed,542,8788.99,0.2205,7751.68,0.4857,1,1,0,Auto
CUST-1663,41,Female,49244.2,Employed,616,11040.55,0.2242,8768.95,0.5716,0,0,0,Home Improvement
CUST-1664,47,Male,43678.5,Unemployed,551,20266.82,0.464,5806.24,0.7273,6,3,1,Personal
CUST-1665,27,Female,61116.28,Employed,635,3630.31,0.0594,10946.5,0.3597,0,0,0,Personal
CUST-1666,49,Female,49122.76,Employed,594,10045.6,0.2045,5976.52,0.7486,3,0,0,Home Improvement
CUST-1667,58,Male,82354.66,Employed,636,13992.06,0.1699,16000.01,0.4558,0,0,0,Small Business
CUST-1668,40,Female,31653.17,Student,748,8698.29,0.2748,7248.52,0.33,0,0,0,Auto
CUST-1669,26,Female,93385.13,Employed,550,21777.41,0.2332,8139.63,0.5649,1,1,0,Debt Consolidation
CUST-1670,41,Female,51657.25,Employed,476,26996.08,0.5226,5498.1,0.8024,6,2,1,Personal
CUST-1671,42,Female,61888.8,Self-Employed,581,26067.56,0.4212,7568.36,0.6472,3,0,0,Debt Consolidation
CUST-1672,48,Male,37580.29,Self-Employed,618,12642.01,0.3364,4272.3,0.3775,2,0,0,Small Business
CUST-1673,21,Female,85052.83,Self-Employed,728,18516.0,0.2177,15254.54,0.2854,0,0,0,Debt Consolidation
CUST-1674,35,Female,40313.42,Self-Employed,536,15145.75,0.3757,6508.62,0.6213,6,0,0,Home Improvement
CUST-1675,33,Female,28068.05,Employed,579,8863.89,0.3158,3693.37,0.5838,6,3,1,Auto
CUST-1676,45,Female,61876.38,Self-Employed,704,18179.28,0.2938,15074.22,0.4474,0,0,0,Auto
CUST-1677,24,Male,39655.33,Employed,573,8914.52,0.2248,3580.07,0.3876,6,1,1,Auto
CUST-1678,35,Female,73628.57,Employed,585,18532.31,0.2517,10172.74,0.2892,0,0,0,Home Improvement
CUST-1679,45,Male,29579.79,Student,560,5312.53,0.1796,5843.75,0.4505,6,3,1,Small Business
CUST-1680,29,Female,56872.34,Employed,732,9685.36,0.1703,8757.23,0.2568,0,0,0,Auto
CUST-1681,41,Male,42994.66,Employed,605,12872.6,0.2994,8277.44,0.5047,0,0,0,Small Business
CUST-1682,30,Male,102410.31,Self-Employed,579,18638.68,0.182,10172.49,0.3712,1,0,0,Auto
CUST-1683,46,Female,44564.35,Employed,725,9879.92,0.2217,6063.75,0.2556,0,0,0,Auto
CUST-1684,50,Male,40091.15,Self-Employed,673,8840.1,0.2205,7080.98,0.4593,0,0,0,Auto
CUST-1685,52,Male,34468.88,Employed,704,6569.77,0.1906,5574.05,0.5264,0,0,0,Home Improvement
CUST-1686,46,Male,36853.48,Employed,599,16573.01,0.4497,6041.72,0.3886,0,0,0,Small Business
CUST-1687,32,Female,32380.15,Employed,538,12097.22,0.3736,6752.31,0.5711,1,0,0,Auto
CUST-1688,23,Male,119645.38,Employed,633,41217.83,0.3445,11760.76,0.421,0,0,0,Auto
CUST-1689,50,Male,72344.54,Employed,580,29379.12,0.4061,12587.98,0.6269,0,0,0,Personal
CUST-1690,32,Female,26257.85,Self-Employed,735,13349.49,0.5084,7338.91,0.3466,0,0,0,Small Business
CUST-1691,40,Male,62172.9,Employed,633,16339.04,0.2628,11814.89,0.4489,0,0,0,Debt Consolidation
CUST-1692,42,Female,89211.75,Employed,711,26977.63,0.3024,11632.86,0.5345,0,0,0,Small Business
CUST-1693,31,Female,60264.83,Self-Employed,662,15771.31,0.2617,8860.64,0.3202,0,0,0,Home Improvement
CUST-1694,54,Male,58820.24,Employed,469,21281.16,0.3618,6209.26,0.7262,2,2,1,Home Improvement
CUST-1695,40,Male,39332.07,Student,474,11292.24,0.2871,2922.01,0.672,2,0,1,Home Improvement
CUST-1696,44,Female,39837.86,Employed,571,12544.94,0.3149,6728.35,0.5555,1,0,0,Personal
CUST-1697,44,Male,76832.69,Employed,759,19738.32,0.2569,14164.72,0.207,0,0,0,Debt Consolidation
CUST-1698,40,Female,67175.12,Employed,543,23900.91,0.3558,4936.45,0.5238,1,0,0,Small Business
CUST-1699,43,Male,54074.2,Employed,694,11371.8,0.2103,8937.72,0.4917,0,0,1,Debt Consolidation
CUST-1700,34,Male,43357.84,Employed,662,9408.65,0.217,7194.4,0.3783,0,0,0,Debt Consolidation
CUST-1701,45,Female,42215.8,Employed,743,4002.06,0.0948,8917.8,0.4483,0,0,0,Debt Consolidation
CUST-1702,43,Female,75244.58,Self-Employed,718,28502.65,0.3788,18239.3,0.4879,0,0,0,Debt Consolidation
CUST-1703,53,Female,49289.62,Employed,401,19883.43,0.4034,2768.03,0.9024,1,0,0,Auto
CUST-1704,47,Female,44900.54,Employed,706,11934.56,0.2658,11541.42,0.5404,0,0,0,Home Improvement
CUST-1705,40,Female,74224.03,Employed,527,21903.51,0.2951,10197.86,0.4911,0,0,0,Home Improvement
CUST-1706,25,Male,63642.86,Self-Employed,632,24712.52,0.3883,6796.94,0.4507,0,0,0,Small Business
CUST-1707,21,Female,54891.79,Employed,688,10857.6,0.1978,6555.85,0.2799,0,0,0,Debt Consolidation
CUST-1708,46,Male,53521.57,Employed,598,11287.7,0.2109,9879.55,0.5873,0,0,0,Personal
CUST-1709,39,Female,64567.52,Self-Employed,681,23948.09,0.3709,15427.02,0.4148,1,0,0,Personal
CUST-1710,51,Female,40963.29,Student,618,5018.0,0.1225,8790.11,0.367,2,0,0,Home Improvement
CUST-1711,40,Female,31722.88,Student,696,2366.53,0.0746,5828.14,0.4089,0,0,0,Small Business
CUST-1712,47,Male,141607.48,Employed,713,28009.96,0.1978,18170.94,0.5164,0,0,0,Home Improvement
CUST-1713,26,Male,32342.18,Employed,659,3622.32,0.112,5599.84,0.4957,1,0,0,Small Business
CUST-1714,47,Female,30563.83,Employed,717,10532.3,0.3446,6821.04,0.2772,1,0,0,Auto
CUST-1715,28,Male,26699.3,Unemployed,644,12001.34,0.4495,7566.23,0.4858,2,0,0,Personal
CUST-1716,49,Male,83133.21,Employed,685,4156.66,0.05,10598.44,0.3442,1,0,0,Home Improvement
CUST-1717,33,Female,42684.48,Unemployed,731,12954.74,0.3035,5992.34,0.3501,0,0,0,Auto
CUST-1718,35,Female,52394.55,Employed,719,7026.11,0.1341,7782.15,0.2293,0,0,0,Personal
CUST-1719,29,Male,56869.04,Employed,727,9110.42,0.1602,14974.06,0.4096,0,0,0,Debt Consolidation
CUST-1720,42,Male,75141.99,Employed,658,14938.23,0.1988,11681.95,0.4864,3,0,0,Personal
CUST-1721,46,Male,44456.98,Unemployed,471,13803.89,0.3105,5102.88,0.7381,3,2,1,Home Improvement
CUST-1722,34,Female,27860.74,Employed,603,8196.63,0.2942,3922.47,0.4514,4,2,0,Home Improvement
CUST-1723,47,Female,38923.18,Student,661,8835.56,0.227,10066.24,0.4918,0,0,0,Home Improvement
CUST-1724,41,Male,39079.26,Unemployed,688,11102.42,0.2841,9910.31,0.4461,0,0,0,Auto
CUST-1725,49,Male,27634.43,Employed,663,8284.8,0.2998,4982.85,0.3122,0,0,0,Home Improvement
CUST-1726,47,Female,29622.0,Employed,650,3323.59,0.1122,3535.5,0.4619,2,0,0,Auto
CUST-1727,37,Female,43964.84,Unemployed,560,9025.98,0.2053,5657.93,0.5751,1,0,0,Personal
CUST-1728,21,Male,51477.6,Employed,613,14583.6,0.2833,8177.39,0.6381,2,2,0,Small Business
CUST-1729,36,Male,50864.97,Employed,593,15432.43,0.3034,8926.86,0.5548,1,0,0,Debt Consolidation
CUST-1730,61,Male,65481.23,Employed,626,15591.08,0.2381,9240.46,0.3578,0,0,0,Debt Consolidation
CUST-1731,33,Male,94035.46,Employed,653,21214.4,0.2256,11135.97,0.5443,0,0,0,Home Improvement
CUST-1732,47,Female,80036.52,Employed,510,24491.18,0.306,6215.3,0.4123,1,0,0,Debt Consolidation
CUST-1733,41,Male,29631.4,Unemployed,585,14620.13,0.4934,4827.76,0.716,0,0,0,Small Business
CUST-1734,38,Female,48494.16,Employed,647,10334.11,0.2131,9919.51,0.5827,0,0,0,Small Business
CUST-1735,52,Female,65293.6,Self-Employed,576,17315.86,0.2652,9896.5,0.6203,0,0,0,Debt Consolidation
CUST-1736,29,Male,78425.1,Employed,625,18845.55,0.2403,7116.23,0.5711,0,0,0,Personal
CUST-1737,56,Male,54982.7,Employed,829,3881.78,0.0706,12236.81,0.1998,0,0,0,Debt Consolidation
CUST-1738,49,Male,106976.9,Self-Employed,632,29536.32,0.2761,12793.76,0.3742,0,0,0,Auto
CUST-1739,55,Female,91367.18,Self-Employed,801,23865.11,0.2612,14484.19,0.2803,0,0,0,Personal
CUST-1740,41,Male,32943.54,Employed,497,8983.7,0.2727,6116.29,0.6231,0,0,0,Small Business
CUST-1741,34,Female,87006.25,Employed,677,34402.27,0.3954,9509.01,0.2425,0,0,0,Home Improvement
CUST-1742,32,Male,68069.23,Self-Employed,613,27016.68,0.3969,12809.24,0.375,1,0,0,Small Business
CUST-1743,36,Male,52853.45,Employed,773,15512.49,0.2935,10623.95,0.3968,0,0,0,Home Improvement
CUST-1744,60,Female,88958.26,Employed,633,29391.81,0.3304,12716.77,0.725,0,0,0,Small Business
CUST-1745,35,Male,40805.99,Self-Employed,670,18787.08,0.4604,7399.93,0.4083,0,0,1,Personal
CUST-1746,22,Female,40895.53,Employed,631,12047.82,0.2946,6558.46,0.3448,0,0,0,Home Improvement
CUST-1747,30,Male,41643.54,Student,556,7416.71,0.1781,4707.38,0.5861,6,0,0,Auto
CUST-1748,32,Male,83987.51,Employed,489,26447.67,0.3149,9409.19,0.5363,3,3,1,Debt Consolidation
CUST-1749,41,Male,80351.15,Employed,739,9152.0,0.1139,19378.91,0.2994,0,0,0,Auto
CUST-1750,59,Male,41757.21,Employed,644,8597.81,0.2059,8463.95,0.3487,0,0,0,Auto
CUST-1751,45,Male,86287.48,Self-Employed,538,35144.89,0.4073,11703.37,0.5613,6,0,0,Personal
CUST-1752,48,Female,40692.7,Unemployed,519,7589.19,0.1865,6450.58,0.7089,4,3,1,Small Business
CUST-1753,61,Male,62712.13,Employed,682,19622.63,0.3129,14117.06,0.372,0,0,0,Small Business
CUST-1754,33,Female,43367.64,Employed,579,21597.08,0.498,7317.81,0.6793,5,2,1,Debt Consolidation
CUST-1755,53,Male,114389.4,Self-Employed,588,34088.04,0.298,17829.14,0.5633,1,1,1,Auto
CUST-1756,33,Female,79615.82,Self-Employed,629,16297.36,0.2047,8211.64,0.5734,0,0,0,Personal
CUST-1757,34,Male,46792.33,Employed,612,3949.27,0.0844,6451.82,0.4801,1,0,0,Debt Consolidation
CUST-1758,40,Female,81889.46,Employed,685,21848.11,0.2668,13142.79,0.4002,0,0,0,Small Business
CUST-1759,41,Male,39512.25,Self-Employed,736,13833.24,0.3501,7357.44,0.5564,0,0,0,Home Improvement
CUST-1760,28,Female,59692.99,Self-Employed,625,38388.56,0.6431,9379.51,0.5587,1,0,0,Debt Consolidation
CUST-1761,41,Male,62214.13,Employed,654,21071.93,0.3387,12188.37,0.5077,0,0,0,Home Improvement
CUST-1762,42,Male,43560.08,Employed,712,7614.3,0.1748,8738.63,0.5304,0,0,0,Home Improvement
CUST-1763,45,Female,141853.14,Employed,777,42385.72,0.2988,27486.91,0.3911,0,0,0,Personal
CUST-1764,54,Female,38928.19,Employed,556,6672.29,0.1714,5789.54,0.5791,1,1,0,Auto
CUST-1765,22,Female,34652.76,Self-Employed,617,12176.98,0.3514,4720.6,0.5451,2,2,1,Debt Consolidation
CUST-1766,29,Female,31577.39,Unemployed,424,14345.61,0.4543,4486.72,0.6415,1,1,1,Debt Consolidation
CUST-1767,48,Female,40124.02,Unemployed,532,18007.66,0.4488,5380.38,0.3315,1,1,1,Small Business
CUST-1768,39,Male,34851.92,Employed,508,18433.18,0.5289,5171.28,0.6684,6,0,1,Debt Consolidation
CUST-1769,50,Female,64401.73,Employed,629,11424.87,0.1774,11507.52,0.3725,0,0,0,Small Business
CUST-1770,35,Female,122832.11,Employed,494,47327.21,0.3853,10774.5,0.7197,1,1,1,Small Business
CUST-1771,52,Female,102574.01,Self-Employed,834,22740.66,0.2217,28048.65,0.2772,0,0,0,Home Improvement
CUST-1772,34,Female,58978.05,Employed,684,17958.82,0.3045,8242.6,0.525,0,0,0,Small Business
CUST-1773,32,Male,37548.93,Employed,517,2744.83,0.0731,5292.03,0.5422,1,0,0,Home Improvement
CUST-1774,46,Female,57432.88,Employed,608,11285.56,0.1965,9615.03,0.4828,0,0,0,Small Business
CUST-1775,42,Female,110645.65,Employed,660,17327.11,0.1566,15051.22,0.1952,0,0,0,Personal
CUST-1776,38,Male,26857.75,Self-Employed,614,9765.48,0.3636,4028.64,0.6027,0,0,0,Debt Consolidation
CUST-1777,51,Male,35821.75,Employed,636,9872.47,0.2756,7235.71,0.4559,1,0,0,Home Improvement
CUST-1778,62,Male,86397.99,Employed,667,30930.48,0.358,15919.34,0.5576,0,0,0,Small Business
CUST-1779,36,Male,113634.44,Employed,609,15261.11,0.1343,19689.74,0.4851,1,1,0,Auto
CUST-1780,39,Male,111519.24,Employed,731,30043.28,0.2694,15039.66,0.3288,0,0,0,Auto
CUST-1781,38,Male,37442.37,Unemployed,566,12749.13,0.3405,5888.85,0.3726,1,0,0,Small Business
CUST-1782,50,Male,63685.66,Employed,798,9527.37,0.1496,10527.46,0.3719,0,0,0,Home Improvement
CUST-1783,39,Male,66351.24,Employed,644,14238.98,0.2146,8326.95,0.3759,0,0,0,Debt Consolidation
CUST-1784,42,Male,41257.64,Employed,691,9258.21,0.2244,7742.27,0.5008,0,0,0,Auto
CUST-1785,39,Female,43892.55,Self-Employed,638,7931.38,0.1807,5668.32,0.4287,6,0,0,Personal
CUST-1786,39,Female,130047.71,Employed,671,36374.34,0.2797,26057.0,0.5076,0,0,0,Auto
CUST-1787,44,Male,111164.58,Self-Employed,808,21799.37,0.1961,24896.97,0.3569,0,0,0,Debt Consolidation
CUST-1788,29,Female,57926.18,Employed,665,6754.19,0.1166,11657.31,0.4089,0,0,0,Home Improvement
CUST-1789,39,Male,37638.0,Employed,549,9940.2,0.2641,5679.72,0.6379,1,0,0,Debt Consolidation
CUST-1790,48,Female,61926.81,Employed,637,21414.29,0.3458,8964.76,0.413,1,0,0,Personal
CUST-1791,23,Female,51932.06,Employed,618,14707.16,0.2832,8067.42,0.6095,0,0,0,Small Business
CUST-1792,56,Female,35498.14,Self-Employed,591,16421.44,0.4626,6330.24,0.4486,1,0,0,Personal
CUST-1793,31,Male,47993.71,Self-Employed,645,17172.15,0.3578,6013.46,0.3102,0,0,0,Auto
CUST-1794,36,Male,36942.47,Employed,713,7133.59,0.1931,8959.51,0.3808,0,0,0,Personal
CUST-1795,34,Female,91249.4,Employed,719,12847.92,0.1408,18967.81,0.3203,0,0,0,Debt Consolidation
CUST-1796,40,Female,35104.93,Employed,767,9113.24,0.2596,8686.75,0.4124,0,0,0,Auto
CUST-1797,43,Male,44804.41,Self-Employed,518,19664.66,0.4389,5185.17,0.6686,1,0,0,Home Improvement
CUST-1798,27,Male,220508.64,Employed,657,43506.35,0.1973,17617.81,0.5209,1,0,0,Debt Consolidation
CUST-1799,30,Male,86445.33,Employed,617,17133.46,0.1982,10290.47,0.4787,2,2,0,Debt Consolidation
CUST-1800,34,Female,51482.76,Self-Employed,640,22709.05,0.4411,9151.79,0.4453,2,0,0,Personal
CUST-1801,40,Male,40997.1,Unemployed,421,18788.97,0.4583,3134.73,0.8202,1,0,1,Auto
CUST-1802,45,Female,100980.14,Employed,632,24396.8,0.2416,19435.67,0.392,0,0,0,Auto
CUST-1803,49,Male,44239.59,Employed,591,8657.69,0.1957,7590.7,0.4588,3,2,1,Small Business
CUST-1804,21,Male,93517.53,Self-Employed,760,11474.6,0.1227,14385.55,0.3012,0,0,0,Auto
CUST-1805,40,Male,27706.05,Student,609,8425.41,0.3041,6674.77,0.5409,0,0,0,Home Improvement
CUST-1806,51,Male,36839.6,Employed,654,8428.9,0.2288,4931.92,0.4456,0,0,0,Debt Consolidation
CUST-1807,27,Male,33990.19,Unemployed,634,14615.78,0.43,6008.42,0.3792,3,0,0,Small Business
CUST-1808,39,Female,66661.73,Employed,649,19418.56,0.2913,6122.67,0.4593,3,0,0,Auto
CUST-1809,44,Female,35917.95,Student,657,1986.26,0.0553,7196.87,0.3917,2,0,0,Auto
CUST-1810,42,Female,38225.44,Employed,593,9564.01,0.2502,5602.25,0.4799,0,0,0,Debt Consolidation
CUST-1811,39,Female,43723.12,Employed,678,12058.84,0.2758,7111.78,0.395,0,0,0,Auto
CUST-1812,28,Male,42836.17,Unemployed,560,6532.52,0.1525,8525.95,0.3967,2,2,1,Debt Consolidation
CUST-1813,23,Female,51704.88,Self-Employed,658,15252.94,0.295,9536.33,0.3366,0,0,0,Debt Consolidation
CUST-1814,33,Male,36435.84,Employed,567,14363.01,0.3942,6866.37,0.6454,1,0,0,Personal
CUST-1815,32,Female,142312.43,Employed,683,31764.13,0.2232,26176.17,0.3394,0,0,0,Debt Consolidation
CUST-1816,32,Male,31412.87,Student,721,10253.16,0.3264,6500.9,0.5131,0,0,0,Auto
CUST-1817,48,Male,62007.28,Employed,672,21125.88,0.3407,13175.75,0.4703,0,0,0,Debt Consolidation
CUST-1818,55,Female,65420.49,Employed,718,16682.22,0.255,9602.0,0.223,0,0,0,Home Improvement
CUST-1819,26,Male,55185.3,Employed,610,18078.7,0.3276,10306.11,0.4948,0,0,0,Home Improvement
CUST-1820,35,Female,105895.19,Self-Employed,660,55510.26,0.5242,13525.68,0.6074,0,0,0,Small Business
CUST-1821,44,Male,82723.74,Employed,566,19936.42,0.241,7785.32,0.6554,0,0,0,Debt Consolidation
CUST-1822,34,Male,32478.56,Employed,775,7083.57,0.2181,6825.32,0.2427,0,0,0,Personal
CUST-1823,64,Female,44895.92,Employed,651,6294.41,0.1402,8483.62,0.5212,3,0,0,Debt Consolidation
CUST-1824,39,Female,40284.33,Employed,669,4620.61,0.1147,8635.41,0.4454,0,0,0,Debt Consolidation
CUST-1825,29,Female,43649.45,Unemployed,504,29642.34,0.6791,5516.0,0.7041,6,3,1,Debt Consolidation
CUST-1826,21,Male,44019.34,Unemployed,611,16423.62,0.3731,7106.24,0.425,0,0,0,Personal
CUST-1827,47,Female,103146.71,Self-Employed,658,21939.31,0.2127,19671.08,0.2755,1,0,0,Debt Consolidation
CUST-1828,21,Male,68189.6,Employed,612,16658.72,0.2443,12908.7,0.595,3,2,0,Home Improvement
CUST-1829,35,Male,53594.72,Self-Employed,588,16523.25,0.3083,7768.17,0.4832,2,2,0,Personal
CUST-1830,58,Female,73240.47,Self-Employed,621,14435.7,0.1971,8588.36,0.3557,1,0,0,Personal
CUST-1831,43,Female,33849.48,Employed,504,12399.06,0.3663,5205.18,0.7065,4,3,1,Auto
CUST-1832,33,Male,90891.37,Self-Employed,754,26703.88,0.2938,21289.01,0.3912,0,0,0,Auto
CUST-1833,27,Male,150173.86,Self-Employed,695,7508.69,0.05,13770.65,0.5861,0,0,0,Home Improvement
CUST-1834,53,Female,65507.48,Self-Employed,623,8922.12,0.1362,9122.71,0.3264,0,0,0,Personal
CUST-1835,41,Female,41316.01,Employed,754,11304.06,0.2736,8822.85,0.3516,0,0,0,Personal
CUST-1836,46,Male,47245.07,Self-Employed,699,16049.15,0.3397,8385.94,0.4533,0,0,0,Home Improvement
CUST-1837,31,Male,44683.4,Employed,529,7131.47,0.1596,4676.92,0.4365,2,1,0,Home Improvement
CUST-1838,40,Male,57698.94,Employed,649,5239.06,0.0908,8459.22,0.5356,1,0,0,Debt Consolidation
CUST-1839,24,Female,87096.11,Employed,606,14126.99,0.1622,12924.97,0.545,0,0,0,Personal
CUST-1840,21,Male,40652.3,Student,468,21777.44,0.5357,5654.7,0.6585,6,2,1,Small Business
CUST-1841,59,Male,35519.88,Employed,566,8190.88,0.2306,5991.08,0.4222,6,2,1,Personal
CUST-1842,43,Male,27473.96,Self-Employed,554,7695.46,0.2801,3785.51,0.5995,6,0,0,Home Improvement
CUST-1843,35,Male,155065.91,Employed,663,45062.15,0.2906,17678.15,0.5186,0,0,0,Auto
CUST-1844,33,Female,30572.57,Unemployed,641,12018.08,0.3931,5438.31,0.4878,0,0,0,Auto
CUST-1845,37,Male,47313.89,Employed,679,15826.5,0.3345,7608.41,0.421,0,0,0,Debt Consolidation
CUST-1846,43,Female,54553.32,Employed,623,25001.79,0.4583,12089.41,0.619,4,0,1,Personal
CUST-1847,45,Male,41937.14,Employed,563,13071.81,0.3117,6505.85,0.4071,6,0,1,Personal
CUST-1848,21,Female,46426.1,Self-Employed,592,13403.22,0.2887,8382.5,0.538,0,0,0,Small Business
CUST-1849,45,Female,94991.76,Employed,731,29846.41,0.3142,19328.91,0.4611,0,0,0,Personal
CUST-1850,40,Male,80692.56,Employed,561,15638.22,0.1938,7595.34,0.2818,0,0,0,Home Improvement
CUST-1851,34,Female,69765.72,Employed,566,14825.22,0.2125,5570.41,0.6164,0,0,0,Personal
CUST-1852,31,Male,68392.15,Employed,574,20497.13,0.2997,6945.87,0.4986,6,2,1,Home Improvement
CUST-1853,22,Male,113414.53,Employed,569,50140.56,0.4421,10262.07,0.6615,2,2,1,Personal
CUST-1854,41,Male,116052.97,Employed,572,40769.41,0.3513,9283.18,0.3938,1,0,0,Debt Consolidation
CUST-1855,21,Male,111976.1,Employed,721,40490.56,0.3616,20147.23,0.333,0,0,0,Auto
CUST-1856,58,Male,29586.69,Unemployed,546,12790.33,0.4323,3982.31,0.4083,6,1,1,Auto
CUST-1857,29,Male,83865.63,Employed,755,18693.65,0.2229,17301.31,0.3445,0,0,0,Personal
CUST-1858,21,Female,68786.05,Employed,617,7277.56,0.1058,10821.55,0.4382,0,0,0,Auto
CUST-1859,48,Female,112683.47,Employed,732,5634.17,0.05,24101.83,0.3084,0,0,0,Home Improvement
CUST-1860,30,Female,43129.46,Employed,689,10696.11,0.248,6601.48,0.518,0,0,0,Auto
CUST-1861,50,Male,64744.93,Employed,649,5820.57,0.0899,10160.53,0.5758,0,0,0,Small Business
CUST-1862,41,Female,91260.21,Employed,735,29312.78,0.3212,13307.91,0.4601,0,0,0,Home Improvement
CUST-1863,30,Female,44638.92,Self-Employed,634,12922.97,0.2895,7454.96,0.4734,2,0,0,Auto
CUST-1864,21,Male,29184.48,Unemployed,477,10170.79,0.3485,5224.43,0.6677,3,0,0,Debt Consolidation
CUST-1865,50,Male,35263.69,Employed,721,10699.0,0.3034,5821.13,0.5451,0,0,0,Home Improvement
CUST-1866,24,Female,62287.83,Employed,638,7891.87,0.1267,8673.26,0.352,0,0,0,Personal
CUST-1867,42,Female,47328.19,Employed,615,10629.91,0.2246,10170.59,0.6298,0,0,0,Auto
CUST-1868,21,Female,44923.73,Unemployed,602,17614.59,0.3921,8149.11,0.5227,1,0,0,Debt Consolidation
CUST-1869,44,Female,117519.98,Employed,748,33258.15,0.283,21691.76,0.2349,0,0,0,Home Improvement
CUST-1870,23,Male,43524.39,Employed,598,8613.48,0.1979,5989.66,0.4191,0,0,0,Debt Consolidation
CUST-1871,44,Male,82366.51,Self-Employed,757,31101.59,0.3776,17323.98,0.3092,0,0,0,Auto
CUST-1872,54,Female,49583.99,Self-Employed,557,22010.33,0.4439,8193.7,0.762,1,1,1,Personal
CUST-1873,44,Female,58277.45,Employed,601,11195.1,0.1921,7794.49,0.3955,0,0,0,Small Business
CUST-1874,35,Female,25000.0,Employed,594,10205.0,0.4082,6848.55,0.3533,0,0,0,Small Business
CUST-1875,21,Female,70056.44,Self-Employed,733,13696.03,0.1955,10497.67,0.4629,0,0,0,Personal
CUST-1876,25,Female,49333.66,Employed,667,11820.34,0.2396,8488.5,0.4217,1,0,0,Debt Consolidation
CUST-1877,49,Male,46423.64,Employed,694,11364.51,0.2448,7767.32,0.3859,0,0,0,Auto
CUST-1878,31,Female,117072.13,Employed,656,15406.69,0.1316,22937.04,0.4195,0,0,0,Debt Consolidation
CUST-1879,26,Female,38036.58,Employed,658,7808.91,0.2053,7571.57,0.5679,1,0,0,Auto
CUST-1880,44,Female,61578.98,Self-Employed,629,26337.33,0.4277,8712.79,0.3681,0,0,0,Auto
CUST-1881,37,Female,64724.16,Employed,700,6388.27,0.0987,8341.15,0.1973,0,0,0,Small Business
CUST-1882,38,Female,35109.32,Unemployed,620,16750.66,0.4771,6644.73,0.5447,2,0,0,Auto
CUST-1883,48,Male,66202.98,Employed,670,11969.5,0.1808,6306.9,0.5425,1,0,0,Small Business
CUST-1884,37,Female,44965.87,Self-Employed,778,8583.98,0.1909,12304.13,0.2755,0,0,0,Auto
CUST-1885,48,Male,73677.26,Employed,589,26612.23,0.3612,8026.29,0.8162,1,0,0,Auto
CUST-1886,25,Male,32209.78,Self-Employed,555,14188.41,0.4405,4937.39,0.5062,0,0,0,Home Improvement
CUST-1887,54,Female,103236.71,Self-Employed,531,53084.32,0.5142,8760.28,0.7508,1,0,0,Debt Consolidation
CUST-1888,30,Female,72682.36,Self-Employed,625,22844.07,0.3143,12628.56,0.5101,0,0,0,Personal
CUST-1889,38,Female,85498.63,Employed,612,17193.77,0.2011,8070.82,0.4913,0,0,0,Auto
CUST-1890,37,Male,32464.3,Unemployed,472,10255.47,0.3159,5012.37,0.7805,6,0,1,Auto
CUST-1891,31,Female,79615.72,Self-Employed,736,23972.29,0.3011,20451.2,0.6218,0,0,0,Debt Consolidation
CUST-1892,33,Male,90116.14,Employed,636,24439.5,0.2712,11927.21,0.298,1,0,0,Home Improvement
CUST-1893,45,Male,71924.45,Employed,634,14183.5,0.1972,11901.42,0.5141,2,0,0,Small Business
CUST-1894,39,Female,32525.83,Unemployed,503,12958.29,0.3984,5471.3,0.5507,1,0,0,Small Business
CUST-1895,60,Female,28754.14,Employed,636,5543.8,0.1928,6757.0,0.4152,0,0,0,Personal
CUST-1896,52,Male,61464.8,Employed,612,13565.28,0.2207,6510.62,0.4006,0,0,0,Small Business
CUST-1897,42,Male,41425.5,Unemployed,752,13566.85,0.3275,7801.26,0.3028,0,0,0,Home Improvement
CUST-1898,21,Female,121675.18,Self-Employed,552,54437.48,0.4474,13734.51,0.6225,2,0,0,Small Business
CUST-1899,49,Female,71863.46,Employed,530,13689.99,0.1905,7692.09,0.466,2,0,0,Small Business
CUST-1900,40,Male,26600.18,Unemployed,750,7562.43,0.2843,6987.32,0.2317,0,0,0,Personal
CUST-1901,37,Male,86227.84,Employed,583,34930.9,0.4051,9750.01,0.6136,0,0,0,Debt Consolidation
CUST-1902,43,Male,90183.46,Employed,642,24935.73,0.2765,9636.24,0.3742,2,0,0,Home Improvement
CUST-1903,36,Female,85036.62,Employed,602,11428.92,0.1344,15983.07,0.5026,0,0,0,Auto
CUST-1904,47,Male,74369.55,Self-Employed,753,18718.82,0.2517,18419.0,0.396,0,0,0,Auto
CUST-1905,38,Male,29366.59,Student,542,3659.08,0.1246,5621.05,0.5708,1,0,0,Home Improvement
CUST-1906,43,Male,27813.18,Self-Employed,648,4594.74,0.1652,6296.27,0.4952,0,0,0,Auto
CUST-1907,42,Male,86002.26,Employed,727,19419.31,0.2258,10164.99,0.1513,0,0,0,Debt Consolidation
CUST-1908,22,Female,86598.55,Employed,672,16748.16,0.1934,14991.03,0.2346,0,0,0,Small Business
CUST-1909,30,Male,52606.11,Employed,723,19753.59,0.3755,10306.31,0.4727,0,0,0,Home Improvement
CUST-1910,47,Female,118422.25,Employed,723,15596.21,0.1317,24207.81,0.3311,0,0,0,Debt Consolidation
CUST-1911,43,Male,25397.94,Student,698,8942.61,0.3521,5402.48,0.4207,0,0,0,Home Improvement
CUST-1912,43,Male,56689.86,Employed,738,11474.03,0.2024,7697.37,0.3828,0,0,0,Personal
CUST-1913,22,Male,56330.75,Self-Employed,768,9283.31,0.1648,13655.2,0.2054,0,0,0,Personal
CUST-1914,24,Male,94745.95,Employed,737,35889.77,0.3788,14494.45,0.4938,0,0,0,Home Improvement
CUST-1915,23,Female,35132.06,Employed,688,6696.17,0.1906,8834.14,0.3629,0,0,0,Small Business
CUST-1916,35,Female,83352.14,Employed,569,4751.07,0.057,6848.95,0.4988,1,0,0,Small Business
CUST-1917,29,Female,29865.83,Employed,648,7905.49,0.2647,3555.32,0.5137,0,0,0,Small Business
CUST-1918,21,Female,26347.84,Employed,588,7227.21,0.2743,5024.9,0.5767,0,0,1,Debt Consolidation
CUST-1919,36,Male,33126.93,Unemployed,473,12604.8,0.3805,4826.93,0.8719,6,3,1,Debt Consolidation
CUST-1920,33,Female,53977.97,Employed,711,15966.68,0.2958,9638.33,0.2574,0,0,0,Small Business
CUST-1921,43,Male,81254.43,Self-Employed,646,21963.07,0.2703,8925.74,0.3486,0,0,0,Home Improvement
CUST-1922,58,Male,26481.39,Unemployed,633,6773.94,0.2558,4263.7,0.4445,0,0,0,Personal
CUST-1923,49,Female,27380.36,Student,617,7077.82,0.2585,6755.94,0.4722,0,0,0,Auto
CUST-1924,30,Male,53985.69,Employed,595,15607.26,0.2891,9370.82,0.4735,1,0,0,Auto
CUST-1925,32,Female,39793.95,Student,604,6132.25,0.1541,9339.86,0.4588,0,0,0,Auto
CUST-1926,35,Female,92009.04,Employed,555,11620.74,0.1263,10492.34,0.4018,1,1,0,Auto
CUST-1927,49,Female,80821.54,Self-Employed,731,12333.37,0.1526,9345.01,0.2854,0,0,0,Debt Consolidation
CUST-1928,37,Female,66828.0,Employed,578,18377.7,0.275,12628.03,0.4955,0,0,0,Small Business
CUST-1929,38,Male,66536.79,Employed,592,30234.32,0.4544,7903.74,0.5018,6,2,1,Home Improvement
CUST-1930,58,Male,37199.27,Employed,681,9694.13,0.2606,8002.74,0.3083,0,0,0,Personal
CUST-1931,41,Male,70464.34,Employed,663,19885.04,0.2822,8885.16,0.5722,0,0,0,Auto
CUST-1932,52,Male,41506.17,Self-Employed,679,19711.28,0.4749,8486.82,0.6675,0,0,0,Small Business
CUST-1933,39,Male,25000.0,Employed,608,5097.5,0.2039,4013.22,0.6741,0,0,0,Personal
CUST-1934,52,Male,100550.49,Employed,563,53362.15,0.5307,10740.41,0.7291,6,2,1,Small Business
CUST-1935,43,Male,62673.75,Employed,585,11770.13,0.1878,8060.53,0.4993,2,0,0,Home Improvement
CUST-1936,42,Male,94056.91,Employed,614,21228.64,0.2257,18433.29,0.3834,0,0,0,Personal
CUST-1937,24,Male,46597.71,Employed,681,9613.11,0.2063,7142.94,0.2259,0,0,0,Small Business
CUST-1938,42,Male,62032.5,Self-Employed,710,3101.62,0.05,12680.84,0.3141,0,0,0,Personal
CUST-1939,32,Male,67767.77,Employed,573,14834.36,0.2189,7129.94,0.4975,0,0,0,Debt Consolidation
CUST-1940,47,Female,133856.86,Self-Employed,460,60275.74,0.4503,6954.32,0.6236,1,0,1,Small Business
CUST-1941,21,Male,56841.66,Employed,710,15011.88,0.2641,8217.27,0.3796,0,0,0,Small Business
CUST-1942,48,Female,40372.15,Self-Employed,680,13871.87,0.3436,8759.56,0.4486,0,0,0,Debt Consolidation
CUST-1943,51,Female,39228.05,Unemployed,500,22089.31,0.5631,6174.94,0.7516,3,2,1,Small Business
CUST-1944,34,Female,92925.16,Employed,735,4646.26,0.05,21441.06,0.3888,0,0,0,Auto
CUST-1945,36,Male,63905.19,Employed,661,8294.89,0.1298,11406.85,0.3945,0,0,0,Debt Consolidation
CUST-1946,25,Female,38470.34,Employed,591,9032.84,0.2348,5119.72,0.4567,0,0,0,Small Business
CUST-1947,51,Female,36526.55,Employed,672,13029.02,0.3567,7586.92,0.4528,0,0,0,Small Business
CUST-1948,21,Male,84653.34,Employed,653,14941.31,0.1765,10446.76,0.4641,1,0,0,Home Improvement
CUST-1949,30,Female,53134.87,Self-Employed,712,22911.76,0.4312,7245.42,0.5874,0,0,0,Home Improvement
CUST-1950,41,Female,126237.46,Employed,531,33149.96,0.2626,10331.06,0.521,6,0,1,Debt Consolidation
CUST-1951,47,Female,45532.64,Employed,787,9994.41,0.2195,12300.31,0.4144,0,0,0,Personal
CUST-1952,42,Male,33390.81,Employed,624,6654.79,0.1993,6088.73,0.4595,0,0,0,Personal
CUST-1953,36,Female,90137.6,Self-Employed,610,35505.2,0.3939,8431.89,0.7219,0,0,0,Debt Consolidation
CUST-1954,39,Female,26976.63,Employed,687,2827.15,0.1048,4921.66,0.7566,0,0,0,Small Business
CUST-1955,55,Female,51751.67,Employed,672,15328.84,0.2962,8840.08,0.5356,0,0,0,Debt Consolidation
CUST-1956,52,Male,36236.19,Student,579,12791.38,0.353,4116.79,0.7978,6,3,1,Debt Consolidation
CUST-1957,28,Male,48904.04,Employed,736,13487.73,0.2758,9207.14,0.3377,0,0,0,Personal
CUST-1958,54,Male,29345.44,Employed,636,2749.67,0.0937,3948.21,0.3789,0,0,0,Debt Consolidation
CUST-1959,44,Male,86939.64,Employed,571,32341.55,0.372,11414.47,0.6746,6,2,0,Personal
CUST-1960,36,Male,53957.25,Self-Employed,653,20633.25,0.3824,7634.29,0.5021,1,0,0,Auto
CUST-1961,43,Male,58178.52,Employed,571,14800.62,0.2544,8500.29,0.4274,0,0,0,Personal
CUST-1962,46,Female,98804.23,Self-Employed,638,12666.7,0.1282,17619.5,0.309,0,0,0,Debt Consolidation
CUST-1963,25,Male,75617.36,Employed,702,9164.82,0.1212,11743.57,0.3138,0,0,0,Auto
CUST-1964,50,Male,59684.11,Employed,684,17129.34,0.287,13480.27,0.3247,0,0,0,Small Business
CUST-1965,57,Male,49638.13,Employed,572,12186.16,0.2455,6856.2,0.5272,0,0,0,Home Improvement
CUST-1966,57,Male,30914.27,Unemployed,537,13184.94,0.4265,5873.68,0.5626,6,2,1,Auto
CUST-1967,42,Male,37658.13,Student,588,3863.72,0.1026,6547.93,0.4422,2,2,1,Auto
CUST-1968,47,Female,128004.64,Self-Employed,688,67727.26,0.5291,23616.94,0.6093,1,0,0,Personal
CUST-1969,36,Female,91660.47,Employed,594,39093.19,0.4265,6752.33,0.7459,0,0,0,Personal
CUST-1970,37,Male,31976.38,Student,531,13247.81,0.4143,6352.84,0.7718,0,0,0,Home Improvement
CUST-1971,44,Female,91477.97,Employed,664,19045.71,0.2082,18937.16,0.4693,0,0,0,Home Improvement
CUST-1972,35,Male,61359.08,Employed,626,19739.22,0.3217,7002.52,0.5609,0,0,0,Small Business
CUST-1973,50,Male,104366.35,Employed,749,9351.22,0.0896,23191.47,0.3353,0,0,0,Auto
CUST-1974,38,Male,98811.73,Self-Employed,758,34277.79,0.3469,15112.21,0.2949,0,0,0,Auto
CUST-1975,46,Female,39545.7,Employed,532,14477.68,0.3661,6351.71,0.5963,2,2,1,Personal
CUST-1976,30,Male,62598.99,Employed,729,5533.75,0.0884,8801.93,0.2469,0,0,0,Personal
CUST-1977,49,Male,37178.94,Employed,512,7881.94,0.212,6597.62,0.7054,4,0,0,Small Business
CUST-1978,50,Female,38362.6,Employed,742,10944.85,0.2853,9447.64,0.2728,0,0,0,Personal
CUST-1979,52,Male,67202.17,Employed,783,21518.13,0.3202,17663.55,0.393,0,0,0,Auto
CUST-1980,32,Female,53328.88,Employed,643,2666.44,0.05,7989.95,0.4789,3,0,0,Auto
CUST-1981,38,Female,28330.05,Employed,712,1614.81,0.057,6118.53,0.3216,0,0,0,Personal
CUST-1982,21,Female,36225.95,Self-Employed,690,6962.63,0.1922,6704.54,0.2694,0,0,0,Personal
CUST-1983,52,Female,38188.35,Employed,680,9191.94,0.2407,6604.33,0.3714,0,0,0,Home Improvement
CUST-1984,32,Female,111768.21,Employed,724,38202.37,0.3418,24033.26,0.3377,0,0,0,Auto
CUST-1985,43,Female,55151.34,Employed,479,8167.91,0.1481,4734.6,0.6262,6,1,1,Home Improvement
CUST-1986,32,Male,73857.35,Self-Employed,602,19446.64,0.2633,12964.31,0.7551,2,0,0,Home Improvement
CUST-1987,46,Female,37218.25,Employed,627,3747.88,0.1007,9362.44,0.423,0,0,0,Home Improvement
CUST-1988,48,Male,27689.86,Unemployed,706,1860.76,0.0672,5493.47,0.5372,0,0,0,Auto
CUST-1989,59,Female,76148.33,Employed,544,20087.93,0.2638,9997.0,0.4086,0,0,0,Small Business
CUST-1990,44,Male,40374.43,Self-Employed,453,20179.14,0.4998,4044.03,0.6976,6,2,1,Debt Consolidation
CUST-1991,37,Male,123229.3,Employed,619,28897.27,0.2345,19905.43,0.3687,0,0,0,Home Improvement
CUST-1992,33,Male,118350.81,Employed,514,26013.51,0.2198,14452.36,0.4337,1,0,0,Personal
CUST-1993,35,Female,39872.25,Employed,567,10506.34,0.2635,5476.11,0.381,1,1,0,Small Business
CUST-1994,36,Male,43980.6,Unemployed,590,11685.65,0.2657,7018.58,0.5868,1,0,0,Small Business
CUST-1995,32,Male,61119.57,Employed,571,24319.48,0.3979,5775.26,0.6454,0,0,0,Debt Consolidation
CUST-1996,43,Male,62463.32,Employed,641,16677.71,0.267,8241.29,0.4692,0,0,0,Auto
CUST-1997,55,Male,25000.0,Self-Employed,528,9297.5,0.3719,4530.64,0.5915,1,0,0,Home Improvement
CUST-1998,33,Female,69357.07,Employed,645,3467.85,0.05,15094.76,0.3383,1,0,0,Personal
CUST-1999,33,Male,52609.52,Employed,421,7296.94,0.1387,6516.55,0.7591,3,2,1,Personal
CUST-2000,33,Male,72903.19,Employed,716,5701.03,0.0782,18108.19,0.5098,0,0,0,Auto
CUST-2001,24,Male,60147.53,Self-Employed,525,18754.0,0.3118,7831.65,0.5482,5,2,1,Small Business
CUST-2002,32,Male,40759.82,Employed,634,6338.15,0.1555,7809.99,0.4517,2,0,0,Debt Consolidation
CUST-2003,62,Male,91649.02,Self-Employed,647,17266.68,0.1884,9638.9,0.4623,0,0,0,Small Business
CUST-2004,39,Female,83462.42,Employed,540,15549.05,0.1863,11885.22,0.5921,1,1,0,Home Improvement
CUST-2005,38,Male,51323.84,Employed,537,12163.75,0.237,4566.01,0.6034,6,3,0,Personal
CUST-2006,36,Female,33265.8,Employed,735,8758.89,0.2633,6614.38,0.3925,0,0,0,Personal
CUST-2007,33,Male,25000.0,Self-Employed,620,6272.5,0.2509,5598.27,0.417,0,0,0,Small Business
CUST-2008,43,Male,32909.37,Unemployed,532,8747.31,0.2658,4969.92,0.5452,0,0,1,Small Business
CUST-2009,35,Female,85142.42,Employed,626,13673.87,0.1606,11282.11,0.2417,2,0,0,Debt Consolidation
CUST-2010,22,Male,109922.67,Employed,569,26711.21,0.243,10069.76,0.4864,6,3,1,Debt Consolidation
CUST-2011,39,Female,58903.06,Employed,553,18100.91,0.3073,8686.25,0.4235,5,1,1,Home Improvement
CUST-2012,60,Male,44427.83,Employed,654,10031.8,0.2258,8251.67,0.3733,0,0,0,Personal
CUST-2013,38,Male,83548.78,Employed,671,9407.59,0.1126,10494.16,0.369,0,0,0,Debt Consolidation
CUST-2014,25,Male,53290.97,Employed,605,16381.64,0.3074,5377.13,0.4245,0,0,0,Auto
CUST-2015,47,Male,125141.93,Self-Employed,682,61106.8,0.4883,18962.59,0.5243,0,0,0,Small Business
CUST-2016,22,Female,86553.41,Self-Employed,647,51802.22,0.5985,14336.84,0.6593,0,0,0,Debt Consolidation
CUST-2017,32,Female,95220.3,Employed,632,24033.6,0.2524,15984.51,0.5339,1,0,0,Small Business
CUST-2018,31,Male,60102.41,Self-Employed,525,33789.57,0.5622,6649.52,0.6677,2,1,1,Small Business
CUST-2019,28,Male,28819.3,Unemployed,614,15107.08,0.5242,6364.57,0.6816,0,0,0,Personal
CUST-2020,31,Male,70207.13,Employed,670,13325.31,0.1898,15093.12,0.3484,0,0,0,Debt Consolidation
CUST-2021,27,Female,167839.14,Self-Employed,506,80512.44,0.4797,8301.9,0.6152,0,0,0,Auto
CUST-2022,36,Female,70873.36,Self-Employed,591,17548.24,0.2476,11502.9,0.573,0,0,0,Personal
CUST-2023,40,Female,34761.56,Employed,567,4386.91,0.1262,3351.63,0.5196,0,0,0,Personal
CUST-2024,36,Male,27560.25,Student,669,11726.89,0.4255,6394.55,0.3314,0,0,0,Home Improvement
CUST-2025,29,Male,117650.11,Self-Employed,794,33000.86,0.2805,30798.91,0.3677,0,0,0,Personal
CUST-2026,35,Male,146641.17,Employed,646,29430.88,0.2007,19805.02,0.509,0,0,0,Home Improvement
CUST-2027,46,Female,106240.45,Employed,610,37471.01,0.3527,20238.25,0.7212,0,0,0,Personal
CUST-2028,41,Male,54518.14,Employed,559,4732.17,0.0868,6427.11,0.5577,1,0,0,Debt Consolidation
CUST-2029,37,Female,160127.86,Employed,689,28390.67,0.1773,31129.97,0.4249,0,0,0,Auto
CUST-2030,47,Male,70745.68,Self-Employed,646,28609.55,0.4044,10456.74,0.6709,0,0,0,Small Business
CUST-2031,43,Male,145437.56,Employed,826,7955.43,0.0547,16389.97,0.1065,0,0,0,Personal
CUST-2032,36,Male,43312.38,Employed,682,2165.62,0.05,9663.96,0.23,0,0,0,Auto
CUST-2033,59,Male,147525.24,Employed,578,59939.51,0.4063,14286.68,0.6523,6,0,1,Debt Consolidation
CUST-2034,40,Female,71055.7,Employed,669,3552.78,0.05,6205.88,0.4445,0,0,0,Home Improvement
CUST-2035,21,Female,46148.11,Employed,581,9561.89,0.2072,4261.08,0.3919,0,0,0,Debt Consolidation
CUST-2036,38,Male,29661.51,Unemployed,526,12164.19,0.4101,4447.43,0.6419,1,0,0,Auto
CUST-2037,22,Female,70504.15,Employed,554,23350.97,0.3312,7138.27,0.5595,1,1,0,Home Improvement
CUST-2038,59,Male,85960.52,Employed,741,8088.88,0.0941,15367.64,0.2428,0,0,0,Auto
CUST-2039,24,Female,53744.43,Employed,626,16977.87,0.3159,5942.06,0.5299,0,0,0,Small Business
CUST-2040,36,Female,33918.64,Unemployed,676,9649.85,0.2845,6694.05,0.5748,0,0,0,Debt Consolidation
CUST-2041,30,Female,29688.48,Employed,666,3666.53,0.1235,6846.83,0.4146,0,0,0,Home Improvement
CUST-2042,46,Male,113419.53,Employed,594,48883.82,0.431,19020.56,0.6451,3,3,1,Home Improvement
CUST-2043,30,Male,88716.52,Self-Employed,708,10912.13,0.123,19430.44,0.4327,0,0,0,Home Improvement
CUST-2044,34,Male,72075.0,Employed,596,19589.99,0.2718,13080.29,0.5051,0,0,0,Small Business
CUST-2045,45,Female,30980.38,Employed,636,6964.39,0.2248,8146.53,0.4997,0,0,0,Home Improvement
CUST-2046,56,Male,45739.56,Employed,739,7803.17,0.1706,7976.02,0.2424,0,0,0,Auto
CUST-2047,29,Male,42281.95,Unemployed,419,25876.55,0.612,3347.97,0.7396,1,0,0,Personal
CUST-2048,42,Female,69854.38,Employed,544,14962.81,0.2142,5852.47,0.5072,4,0,0,Home Improvement
CUST-2049,24,Male,36154.23,Self-Employed,614,12173.13,0.3367,5620.87,0.5196,1,0,0,Personal
CUST-2050,24,Male,67162.06,Employed,579,26797.66,0.399,5649.51,0.7256,1,0,0,Small Business
CUST-2051,44,Male,25000.0,Employed,549,5387.5,0.2155,5629.19,0.6747,5,0,0,Home Improvement
CUST-2052,35,Male,69013.06,Employed,562,20144.91,0.2919,6555.65,0.5427,4,0,0,Debt Consolidation
CUST-2053,44,Male,25000.0,Employed,527,6382.5,0.2553,4117.55,0.567,2,1,1,Debt Consolidation
CUST-2054,47,Female,49784.03,Self-Employed,640,18385.24,0.3693,5488.07,0.4199,1,0,0,Auto
CUST-2055,47,Female,72496.83,Self-Employed,732,22532.01,0.3108,16264.1,0.1666,0,0,0,Home Improvement
CUST-2056,39,Female,87938.52,Employed,688,18036.19,0.2051,11670.36,0.4369,0,0,0,Debt Consolidation
CUST-2057,32,Male,42648.59,Employed,665,5987.86,0.1404,6714.22,0.4016,0,0,0,Auto
CUST-2058,46,Female,29510.4,Unemployed,613,10384.71,0.3519,4110.0,0.6062,3,1,1,Personal
CUST-2059,30,Female,33298.77,Unemployed,607,12110.76,0.3637,3837.12,0.4424,4,3,1,Small Business
CUST-2060,39,Female,65169.07,Self-Employed,576,15471.14,0.2374,6027.31,0.4836,1,0,0,Personal
CUST-2061,32,Male,41683.62,Self-Employed,568,8415.92,0.2019,4419.01,0.4854,0,0,0,Home Improvement
CUST-2062,42,Female,30076.37,Student,615,5955.12,0.198,5659.41,0.3333,5,0,0,Home Improvement
CUST-2063,42,Male,94622.68,Employed,514,35218.56,0.3722,8408.34,0.8622,0,0,0,Auto
CUST-2064,49,Female,42147.18,Unemployed,517,15872.63,0.3766,7600.64,0.7659,6,0,1,Debt Consolidation
CUST-2065,29,Male,91505.12,Employed,573,35421.63,0.3871,15744.43,0.5193,1,1,0,Home Improvement
CUST-2066,44,Female,98348.55,Employed,727,37687.16,0.3832,23547.09,0.3711,0,0,0,Home Improvement
CUST-2067,40,Female,188190.53,Self-Employed,681,61143.1,0.3249,28208.81,0.425,0,0,0,Small Business
CUST-2068,32,Male,25000.0,Employed,735,4590.0,0.1836,5196.63,0.3377,0,0,0,Auto
CUST-2069,41,Female,86412.01,Employed,655,30555.29,0.3536,8274.14,0.6177,0,0,0,Small Business
CUST-2070,25,Female,25804.01,Student,566,9952.61,0.3857,4694.09,0.6578,3,2,1,Personal
CUST-2071,51,Female,40288.42,Employed,645,8102.0,0.2011,8507.83,0.6226,0,0,0,Personal
CUST-2072,45,Male,73252.81,Employed,590,13683.62,0.1868,10557.23,0.5656,0,0,0,Home Improvement
CUST-2073,33,Female,27710.28,Student,648,5428.44,0.1959,6256.61,0.4266,0,0,0,Debt Consolidation
CUST-2074,35,Female,68678.1,Self-Employed,645,31241.67,0.4549,7453.49,0.4677,0,0,0,Personal
CUST-2075,30,Male,133087.08,Employed,521,36838.5,0.2768,9608.99,0.4518,4,3,1,Home Improvement
CUST-2076,48,Female,79829.91,Self-Employed,558,39156.57,0.4905,8837.09,0.5459,1,0,1,Debt Consolidation
CUST-2077,44,Male,36568.19,Student,643,12817.15,0.3505,6139.9,0.5403,0,0,0,Debt Consolidation
CUST-2078,35,Male,94199.26,Employed,521,14186.41,0.1506,10905.18,0.4329,2,1,0,Small Business
CUST-2079,21,Female,48006.95,Employed,533,6730.57,0.1402,5339.25,0.7507,3,0,0,Small Business
CUST-2080,45,Female,81904.49,Self-Employed,721,19214.79,0.2346,16932.88,0.408,0,0,0,Personal
CUST-2081,38,Male,47606.26,Employed,537,13601.11,0.2857,5522.5,0.5574,1,0,0,Auto
CUST-2082,51,Female,73423.53,Employed,682,24281.16,0.3307,14710.98,0.3659,0,0,0,Debt Consolidation
CUST-2083,32,Male,34294.49,Employed,712,6337.62,0.1848,6387.88,0.3233,0,0,0,Auto
CUST-2084,40,Female,100154.72,Employed,686,26460.88,0.2642,20119.32,0.3264,0,0,0,Small Business
CUST-2085,34,Female,32365.77,Unemployed,482,11732.59,0.3625,3437.83,0.6463,6,2,1,Auto
CUST-2086,35,Female,74471.16,Employed,675,7655.64,0.1028,12761.04,0.3214,0,0,0,Personal
CUST-2087,53,Female,54047.82,Employed,583,13506.55,0.2499,5189.3,0.5176,3,2,1,Auto
CUST-2088,37,Male,52814.49,Employed,688,8550.67,0.1619,10736.7,0.3994,0,0,0,Home Improvement
CUST-2089,30,Female,39854.68,Employed,554,4694.88,0.1178,5312.94,0.2082,1,0,0,Small Business
CUST-2090,43,Male,76196.75,Employed,573,21434.15,0.2813,8236.4,0.5124,5,2,1,Home Improvement
CUST-2091,48,Female,96362.48,Employed,571,14309.83,0.1485,8738.39,0.4611,1,1,0,Home Improvement
CUST-2092,56,Male,40832.02,Employed,685,12657.93,0.31,6972.66,0.2321,0,0,0,Personal
CUST-2093,27,Female,36791.22,Unemployed,577,7667.29,0.2084,6967.99,0.4588,1,0,0,Personal
CUST-2094,36,Female,54679.93,Employed,710,6884.2,0.1259,9108.8,0.3245,0,0,0,Personal
CUST-2095,45,Male,33230.78,Unemployed,553,15425.73,0.4642,6417.81,0.6625,1,0,0,Personal
CUST-2096,35,Female,73168.8,Employed,544,26918.8,0.3679,11298.93,0.7405,5,0,0,Home Improvement
CUST-2097,42,Male,30414.81,Unemployed,490,8336.7,0.2741,3996.44,0.5696,6,0,1,Small Business
CUST-2098,47,Female,165191.55,Employed,765,24233.6,0.1467,37845.59,0.2414,0,0,0,Personal
CUST-2099,42,Male,55408.03,Employed,675,19802.83,0.3574,12287.12,0.5841,0,0,0,Debt Consolidation
CUST-2100,36,Female,33465.28,Unemployed,696,14707.99,0.4395,4277.07,0.5083,0,0,0,Personal
CUST-2101,39,Female,29534.51,Student,690,1476.73,0.05,5222.74,0.2909,0,0,0,Home Improvement
CUST-2102,48,Female,55560.45,Employed,669,12590.0,0.2266,12328.77,0.416,0,0,0,Small Business
CUST-2103,50,Male,135902.08,Employed,555,39044.67,0.2873,16489.77,0.5694,0,0,0,Small Business
CUST-2104,41,Male,148181.19,Employed,549,51759.69,0.3493,14157.36,0.4962,6,3,1,Auto
CUST-2105,47,Male,31512.66,Self-Employed,528,9286.78,0.2947,5680.59,0.5305,2,0,0,Home Improvement
CUST-2106,34,Female,81912.04,Employed,529,36115.02,0.4409,12376.75,0.5035,4,2,1,Personal
CUST-2107,33,Male,33906.55,Unemployed,486,14851.07,0.438,3846.55,0.7435,1,0,0,Auto
CUST-2108,34,Female,94307.63,Employed,640,24010.72,0.2546,17400.63,0.4243,0,0,0,Debt Consolidation
CUST-2109,31,Male,57769.2,Employed,676,10005.63,0.1732,12589.67,0.3605,0,0,0,Debt Consolidation
CUST-2110,50,Female,27991.05,Student,457,7297.27,0.2607,4030.95,0.6727,1,1,0,Home Improvement
CUST-2111,32,Female,70040.48,Self-Employed,516,35643.6,0.5089,5399.4,0.8607,6,1,1,Small Business
CUST-2112,34,Male,72553.62,Employed,647,27962.17,0.3854,10718.87,0.3955,0,0,0,Home Improvement
CUST-2113,41,Female,91917.3,Employed,680,31739.04,0.3453,18639.79,0.4578,0,0,0,Auto
CUST-2114,47,Female,45477.66,Self-Employed,568,20983.39,0.4614,8156.45,0.6058,3,3,1,Home Improvement
CUST-2115,26,Female,128676.08,Employed,774,16817.96,0.1307,13834.63,0.3532,0,0,0,Debt Consolidation
CUST-2116,35,Female,37736.83,Student,601,8241.72,0.2184,4418.89,0.4261,1,0,0,Small Business
CUST-2117,34,Male,76484.05,Employed,645,23365.88,0.3055,12124.72,0.4137,0,0,0,Small Business
CUST-2118,45,Male,57424.23,Self-Employed,629,29797.43,0.5189,5915.05,0.5404,2,1,0,Small Business
CUST-2119,38,Male,74263.78,Self-Employed,584,31562.11,0.425,8876.37,0.5263,0,0,0,Auto
CUST-2120,46,Female,33287.79,Student,637,7519.71,0.2259,7935.0,0.4273,0,0,0,Small Business
CUST-2121,37,Female,37283.24,Student,630,11598.82,0.3111,7657.24,0.4209,1,0,0,Home Improvement
CUST-2122,45,Female,81760.35,Employed,491,16392.95,0.2005,9939.86,0.6541,0,0,0,Home Improvement
CUST-2123,37,Male,103323.46,Employed,693,20447.71,0.1979,18270.29,0.3089,0,0,0,Personal
CUST-2124,22,Female,36569.09,Employed,583,15011.61,0.4105,6178.4,0.4778,2,0,0,Auto
CUST-2125,45,Male,28876.99,Employed,569,9090.48,0.3148,5924.65,0.8602,4,0,1,Personal
CUST-2126,33,Male,73197.09,Employed,597,27661.18,0.3779,6638.95,0.5189,0,0,0,Personal
CUST-2127,28,Male,86688.5,Employed,694,28234.44,0.3257,18523.64,0.3553,0,0,0,Small Business
CUST-2128,58,Male,48906.77,Employed,698,9057.53,0.1852,13490.9,0.4964,0,0,0,Home Improvement
CUST-2129,43,Female,44957.42,Employed,578,17731.21,0.3944,7971.1,0.6067,1,0,0,Debt Consolidation
CUST-2130,41,Female,37959.4,Unemployed,565,13437.63,0.354,4092.53,0.6682,6,2,1,Debt Consolidation
CUST-2131,38,Male,110213.6,Employed,680,40977.42,0.3718,21093.55,0.4556,0,0,0,Small Business
CUST-2132,30,Male,67834.57,Self-Employed,737,23016.27,0.3393,9083.48,0.4346,0,0,0,Home Improvement
CUST-2133,34,Male,147455.41,Employed,699,21749.67,0.1475,29026.62,0.2428,0,0,0,Personal
CUST-2134,43,Female,39353.47,Employed,603,8197.33,0.2083,6896.27,0.523,0,0,0,Home Improvement
CUST-2135,39,Male,57307.43,Employed,574,13570.4,0.2368,6508.87,0.603,6,2,1,Auto
CUST-2136,33,Female,25000.0,Employed,653,7505.0,0.3002,3244.66,0.5155,1,0,0,Small Business
CUST-2137,32,Female,80394.58,Employed,696,26506.09,0.3297,12454.86,0.4149,0,0,0,Home Improvement
CUST-2138,44,Male,25000.0,Employed,675,4320.0,0.1728,3507.09,0.2905,0,0,0,Home Improvement
CUST-2139,38,Male,25156.83,Student,589,8658.98,0.3442,4941.73,0.6824,0,0,0,Home Improvement
CUST-2140,49,Male,113313.45,Self-Employed,556,38945.83,0.3437,13089.29,0.6771,0,0,0,Home Improvement
CUST-2141,56,Male,36819.5,Unemployed,517,10699.75,0.2906,4677.41,0.9281,4,0,1,Debt Consolidation
CUST-2142,55,Female,28898.4,Self-Employed,467,8620.39,0.2983,4113.02,0.6321,0,0,0,Home Improvement
CUST-2143,60,Female,57840.99,Employed,732,26028.45,0.45,10553.46,0.502,0,0,0,Home Improvement
CUST-2144,36,Female,140783.54,Employed,822,27157.14,0.1929,34623.43,0.3097,0,0,0,Personal
CUST-2145,22,Male,28114.71,Self-Employed,582,13689.05,0.4869,5400.12,0.419,3,2,1,Personal
CUST-2146,40,Male,37427.28,Student,630,11097.19,0.2965,5038.47,0.5635,0,0,0,Home Improvement
CUST-2147,39,Female,35973.61,Unemployed,496,23149.02,0.6435,6564.09,0.8526,1,0,0,Personal
CUST-2148,47,Male,39198.25,Student,691,4413.72,0.1126,7961.44,0.3464,0,0,0,Personal
CUST-2149,32,Male,87832.67,Employed,621,4391.63,0.05,14477.51,0.453,1,0,0,Auto
CUST-2150,21,Female,132310.09,Employed,656,25191.84,0.1904,17703.79,0.5047,2,0,0,Small Business
CUST-2151,44,Female,36855.03,Student,738,13721.13,0.3723,10868.37,0.3844,0,0,0,Personal
CUST-2152,34,Male,48085.48,Employed,672,17214.6,0.358,6100.93,0.406,0,0,0,Debt Consolidation
CUST-2153,45,Female,70090.98,Employed,667,4962.44,0.0708,12226.07,0.3604,0,0,0,Auto
CUST-2154,31,Male,122168.39,Self-Employed,632,49368.25,0.4041,20707.74,0.5446,6,0,0,Home Improvement
CUST-2155,36,Female,51456.28,Employed,783,23628.72,0.4592,9993.24,0.3609,0,0,0,Personal
CUST-2156,48,Female,58210.7,Employed,733,8981.91,0.1543,14030.97,0.409,0,0,0,Home Improvement
CUST-2157,43,Male,63759.87,Employed,701,18726.27,0.2937,12524.57,0.3142,0,0,0,Auto
CUST-2158,47,Female,41127.4,Self-Employed,582,22620.07,0.55,6552.45,0.7102,0,0,0,Personal
CUST-2159,33,Male,109275.57,Employed,622,38093.46,0.3486,14115.17,0.5862,0,0,0,Personal
CUST-2160,59,Male,42552.96,Employed,687,15195.66,0.3571,9379.57,0.4418,0,0,0,Home Improvement
CUST-2161,37,Female,35193.69,Unemployed,568,12402.26,0.3524,5352.87,0.6176,3,1,1,Small Business
CUST-2162,22,Female,137801.53,Employed,824,8226.75,0.0597,22282.65,0.294,0,0,0,Personal
CUST-2163,38,Male,65041.41,Self-Employed,661,24956.39,0.3837,7020.06,0.4563,0,0,0,Home Improvement
CUST-2164,35,Male,59636.05,Employed,511,17079.76,0.2864,6607.22,0.5556,4,3,1,Debt Consolidation
CUST-2165,32,Male,106441.39,Self-Employed,689,11037.97,0.1037,14287.28,0.2899,0,0,0,Home Improvement
CUST-2166,26,Male,34855.88,Employed,754,10265.06,0.2945,8882.82,0.2539,0,0,1,Auto
CUST-2167,35,Female,63395.36,Employed,638,8279.43,0.1306,6963.23,0.411,3,0,0,Small Business
CUST-2168,47,Female,43303.77,Self-Employed,650,14203.64,0.328,10364.11,0.5474,0,0,0,Personal
CUST-2169,43,Male,162858.1,Employed,627,29216.74,0.1794,30101.23,0.4212,1,0,0,Personal
CUST-2170,34,Male,42372.17,Self-Employed,624,12669.28,0.299,8587.07,0.5181,0,0,0,Personal
CUST-2171,39,Female,30584.19,Self-Employed,469,8985.64,0.2938,5276.37,0.6562,0,0,0,Personal
CUST-2172,38,Female,59716.4,Employed,636,16129.4,0.2701,8702.22,0.5215,3,0,0,Auto
CUST-2173,23,Female,117842.4,Self-Employed,611,48409.66,0.4108,17676.14,0.4568,3,2,0,Small Business
CUST-2174,56,Male,133247.63,Employed,764,29447.73,0.221,17672.69,0.5345,0,0,0,Home Improvement
CUST-2175,51,Female,58850.26,Employed,633,10869.64,0.1847,6095.54,0.5415,0,0,0,Auto
CUST-2176,33,Female,50887.75,Employed,682,18635.09,0.3662,11278.66,0.585,0,0,0,Home Improvement
CUST-2177,34,Female,39573.29,Unemployed,470,19770.82,0.4996,6563.66,0.6611,0,0,1,Debt Consolidation
CUST-2178,21,Male,36291.7,Employed,569,2257.34,0.0622,6836.66,0.5598,0,0,0,Auto
CUST-2179,53,Male,70791.37,Employed,590,23630.16,0.3338,11311.8,0.5597,1,0,0,Auto
CUST-2180,55,Male,143490.05,Self-Employed,673,19830.32,0.1382,27202.55,0.326,0,0,0,Small Business
CUST-2181,21,Male,104159.25,Self-Employed,787,22967.11,0.2205,13369.2,0.3326,0,0,0,Personal
CUST-2182,42,Female,45349.78,Self-Employed,704,9600.55,0.2117,11580.41,0.52,0,0,0,Small Business
CUST-2183,35,Female,54547.26,Self-Employed,590,15551.42,0.2851,9703.29,0.5458,2,0,0,Debt Consolidation
CUST-2184,34,Male,130543.92,Employed,690,25416.9,0.1947,24525.44,0.4191,0,0,0,Debt Consolidation
CUST-2185,54,Male,31454.84,Self-Employed,565,13654.55,0.4341,4918.8,0.6895,6,2,1,Debt Consolidation
CUST-2186,30,Female,53366.73,Employed,628,20423.45,0.3827,9594.75,0.33,3,0,0,Debt Consolidation
CUST-2187,40,Female,34353.04,Employed,680,13129.73,0.3822,7229.48,0.5508,0,0,0,Personal
CUST-2188,40,Female,25484.14,Unemployed,425,10818.02,0.4245,3913.07,0.71,0,0,1,Auto
CUST-2189,34,Female,37528.21,Employed,650,4713.54,0.1256,7077.07,0.4152,0,0,0,Personal
CUST-2190,25,Female,38948.3,Self-Employed,527,14336.87,0.3681,6706.62,0.657,2,2,1,Debt Consolidation
CUST-2191,42,Female,43512.45,Employed,597,16269.31,0.3739,6940.83,0.5785,0,0,0,Home Improvement
CUST-2192,39,Female,42740.18,Employed,703,5299.78,0.124,8302.06,0.3449,0,0,0,Personal
CUST-2193,48,Male,59522.23,Employed,697,4095.13,0.0688,8756.9,0.3211,0,0,0,Home Improvement
CUST-2194,25,Female,33735.58,Self-Employed,589,11743.36,0.3481,6567.9,0.5296,0,0,0,Auto
CUST-2195,46,Male,70490.19,Employed,681,12448.57,0.1766,12942.23,0.5435,0,0,0,Personal
CUST-2196,30,Female,118079.3,Self-Employed,629,51447.15,0.4357,14991.01,0.4858,0,0,0,Debt Consolidation
CUST-2197,39,Male,121414.63,Employed,611,25181.39,0.2074,11568.06,0.4026,0,0,0,Home Improvement
CUST-2198,24,Female,37188.85,Student,550,15221.4,0.4093,5196.83,0.542,6,0,0,Personal
CUST-2199,55,Female,38237.75,Employed,733,8439.07,0.2207,5449.34,0.1651,0,0,0,Auto
CUST-2200,35,Female,25395.49,Student,576,9231.26,0.3635,4229.86,0.6147,3,0,0,Auto
CUST-2201,46,Male,63982.32,Employed,553,15925.2,0.2489,7349.5,0.4198,6,2,1,Debt Consolidation
CUST-2202,62,Female,65641.54,Employed,813,14414.88,0.2196,13264.48,0.4512,0,0,0,Auto
CUST-2203,50,Female,102316.11,Employed,756,29211.25,0.2855,18002.12,0.4008,0,0,0,Debt Consolidation
CUST-2204,35,Male,28959.8,Unemployed,576,13011.64,0.4493,4189.36,0.738,6,0,1,Auto
CUST-2205,25,Male,75025.57,Employed,641,33228.82,0.4429,14323.08,0.4786,0,0,1,Debt Consolidation
CUST-2206,46,Female,133505.25,Employed,603,29544.71,0.2213,15548.64,0.557,2,2,1,Small Business
CUST-2207,28,Male,121781.2,Self-Employed,745,32771.32,0.2691,23085.54,0.3732,0,0,0,Auto
CUST-2208,47,Male,70364.75,Employed,718,8021.58,0.114,12690.38,0.3271,0,0,0,Personal
CUST-2209,46,Female,41947.86,Student,684,16997.27,0.4052,5605.54,0.4273,0,0,0,Personal
CUST-2210,35,Male,60836.47,Employed,659,14558.17,0.2393,7407.24,0.2822,0,0,0,Debt Consolidation
CUST-2211,26,Male,34083.3,Employed,704,6203.16,0.182,9987.97,0.337,0,0,0,Small Business
CUST-2212,38,Male,147269.83,Employed,614,67523.22,0.4585,16238.19,0.6293,0,0,0,Debt Consolidation
CUST-2213,37,Female,51846.37,Employed,674,14169.61,0.2733,8207.42,0.3265,0,0,0,Home Improvement
CUST-2214,53,Male,90590.83,Self-Employed,581,13362.15,0.1475,13442.88,0.4102,0,0,0,Personal
CUST-2215,46,Female,66562.12,Employed,701,3328.11,0.05,14036.17,0.358,0,0,0,Auto
CUST-2216,59,Male,41404.41,Employed,546,13485.42,0.3257,5967.87,0.6154,6,3,1,Auto
CUST-2217,41,Male,42768.77,Employed,612,6701.87,0.1567,6650.65,0.3532,0,0,0,Small Business
CUST-2218,46,Female,96684.93,Employed,567,34100.77,0.3527,14308.32,0.4453,5,0,0,Debt Consolidation
CUST-2219,35,Male,105483.08,Employed,588,18575.57,0.1761,9552.95,0.4462,0,0,0,Auto
CUST-2220,55,Female,154229.8,Employed,623,62864.07,0.4076,24567.78,0.6536,0,0,0,Small Business
CUST-2221,21,Male,25459.21,Unemployed,493,8439.73,0.3315,4317.93,0.6159,6,1,1,Home Improvement
CUST-2222,54,Male,47157.93,Employed,580,19278.16,0.4088,9238.4,0.6733,0,0,0,Auto
CUST-2223,31,Female,96953.06,Employed,504,49775.7,0.5134,6036.68,0.6321,4,2,1,Debt Consolidation
CUST-2224,40,Male,34547.38,Self-Employed,615,17501.7,0.5066,5568.51,0.5404,0,0,0,Debt Consolidation
CUST-2225,41,Female,43942.08,Employed,527,14962.28,0.3405,6192.49,0.6576,0,0,0,Debt Consolidation
CUST-2226,41,Female,85718.06,Employed,532,17889.36,0.2087,11323.67,0.7172,0,0,0,Home Improvement
CUST-2227,27,Male,46485.95,Employed,551,5313.34,0.1143,7141.79,0.3815,6,1,0,Debt Consolidation
CUST-2228,42,Female,41691.97,Employed,659,10602.27,0.2543,8072.13,0.4337,0,0,0,Personal
CUST-2229,47,Male,87899.39,Employed,575,39493.2,0.4493,12363.39,0.4176,2,0,1,Personal
CUST-2230,27,Male,61993.48,Employed,812,16248.49,0.2621,18240.56,0.3096,0,0,0,Debt Consolidation
CUST-2231,28,Female,60239.5,Employed,547,12782.82,0.2122,6123.83,0.465,4,3,1,Personal
CUST-2232,53,Male,46747.11,Employed,660,16230.6,0.3472,5204.13,0.5632,0,0,0,Home Improvement
CUST-2233,34,Female,25000.0,Employed,662,4400.0,0.176,8016.42,0.436,0,0,0,Debt Consolidation
CUST-2234,43,Female,61123.78,Employed,737,3056.19,0.05,10071.56,0.0446,0,0,0,Debt Consolidation
CUST-2235,31,Male,35903.78,Unemployed,523,17887.26,0.4982,5179.91,0.6329,1,1,1,Personal
CUST-2236,37,Female,31426.43,Employed,663,9154.52,0.2913,7478.73,0.3691,0,0,0,Small Business
CUST-2237,42,Male,79173.35,Employed,542,10854.67,0.1371,11940.21,0.548,3,0,0,Home Improvement
CUST-2238,34,Male,70990.04,Employed,525,10364.55,0.146,9490.55,0.6098,0,0,0,Home Improvement
CUST-2239,42,Female,48316.68,Employed,574,15939.67,0.3299,7311.42,0.5483,3,2,1,Debt Consolidation
CUST-2240,27,Female,86320.97,Employed,577,32543.01,0.377,14105.87,0.4978,5,1,1,Home Improvement
CUST-2241,32,Male,45366.81,Employed,583,6541.89,0.1442,4465.89,0.7229,0,0,0,Small Business
CUST-2242,37,Female,32508.79,Self-Employed,478,16546.97,0.509,3920.56,0.7655,5,2,1,Small Business
CUST-2243,26,Male,89640.58,Self-Employed,778,7090.57,0.0791,12859.13,0.382,0,0,0,Debt Consolidation
CUST-2244,24,Female,36964.46,Unemployed,527,9607.06,0.2599,4013.99,0.6474,3,2,1,Personal
CUST-2245,32,Female,26500.42,Self-Employed,663,11747.64,0.4433,5326.66,0.4253,0,0,0,Auto
CUST-2246,33,Female,82298.61,Self-Employed,716,41429.12,0.5034,13630.63,0.5944,0,0,0,Small Business
CUST-2247,45,Male,34575.46,Self-Employed,633,14041.09,0.4061,6227.29,0.4207,0,0,0,Home Improvement
CUST-2248,28,Female,49929.63,Self-Employed,518,17200.76,0.3445,4701.26,0.5431,4,0,0,Personal
CUST-2249,22,Male,35532.17,Student,595,5400.89,0.152,3647.57,0.4559,0,0,0,Personal
CUST-2250,51,Male,93066.89,Employed,618,19199.7,0.2063,11989.46,0.4371,2,0,0,Home Improvement
CUST-2251,37,Female,25110.76,Employed,659,4881.53,0.1944,7921.8,0.5133,1,0,0,Personal
CUST-2252,35,Female,44787.62,Unemployed,388,20369.41,0.4548,2921.31,0.6887,6,2,1,Personal
CUST-2253,34,Female,125896.89,Self-Employed,737,33211.6,0.2638,24516.73,0.3921,0,0,0,Auto
CUST-2254,33,Female,98795.99,Employed,660,30409.41,0.3078,15675.84,0.4109,0,0,0,Debt Consolidation
CUST-2255,28,Female,104243.4,Employed,681,20494.25,0.1966,12250.23,0.2821,0,0,0,Home Improvement
CUST-2256,46,Male,74746.99,Employed,659,23179.04,0.3101,9098.15,0.4899,0,0,0,Auto
CUST-2257,49,Female,66429.62,Employed,621,22320.35,0.336,12869.52,0.4927,0,0,0,Debt Consolidation
CUST-2258,39,Female,50266.12,Employed,530,16934.66,0.3369,7482.83,0.5071,5,2,1,Personal
CUST-2259,32,Male,25000.0,Self-Employed,599,7625.0,0.305,3783.0,0.5726,0,0,0,Small Business
CUST-2260,58,Female,47413.19,Employed,655,6618.88,0.1396,7590.78,0.4738,1,0,0,Personal
CUST-2261,49,Male,42778.43,Self-Employed,666,18317.72,0.4282,9324.37,0.367,0,0,0,Personal
CUST-2262,61,Female,32127.93,Employed,645,7948.45,0.2474,6940.77,0.5169,2,0,0,Auto
CUST-2263,40,Male,115871.34,Employed,775,38446.11,0.3318,28156.46,0.2342,0,0,0,Home Improvement
CUST-2264,26,Female,65393.98,Employed,593,16381.19,0.2505,6124.28,0.5849,0,0,0,Auto
CUST-2265,28,Female,25000.0,Employed,625,8222.5,0.3289,5443.0,0.5019,0,0,0,Personal
CUST-2266,39,Male,69388.63,Self-Employed,762,17590.02,0.2535,17845.06,0.3836,0,0,0,Debt Consolidation
CUST-2267,37,Female,59616.71,Employed,587,20055.06,0.3364,7067.84,0.5716,1,1,0,Debt Consolidation
CUST-2268,28,Male,57611.69,Employed,619,8733.93,0.1516,5187.31,0.3363,1,0,0,Personal
CUST-2269,41,Male,41546.03,Student,578,10336.65,0.2488,4328.66,0.5034,1,0,0,Small Business
CUST-2270,37,Female,57593.74,Employed,559,13056.5,0.2267,6570.97,0.5189,1,0,0,Home Improvement
CUST-2271,37,Female,46338.53,Self-Employed,824,8767.25,0.1892,14139.28,0.3274,0,0,0,Debt Consolidation
CUST-2272,50,Female,55887.27,Employed,497,13468.83,0.241,6283.5,0.4929,1,1,0,Home Improvement
CUST-2273,46,Male,38889.51,Employed,626,11997.41,0.3085,7791.49,0.494,1,0,0,Home Improvement
CUST-2274,27,Female,91182.05,Employed,572,35898.37,0.3937,12166.83,0.5448,0,0,0,Auto
CUST-2275,46,Male,41783.09,Employed,588,12376.15,0.2962,6319.31,0.3929,0,0,0,Debt Consolidation
CUST-2276,29,Female,126767.01,Employed,808,37066.67,0.2924,15865.78,0.2744,0,0,0,Home Improvement
CUST-2277,28,Female,106924.47,Employed,608,26442.42,0.2473,17824.98,0.368,0,0,0,Small Business
CUST-2278,34,Male,31873.73,Self-Employed,672,8028.99,0.2519,8494.7,0.2854,0,0,0,Home Improvement
CUST-2279,36,Female,38435.71,Student,652,9901.04,0.2576,5954.74,0.4304,1,0,0,Debt Consolidation
CUST-2280,47,Male,38013.41,Employed,539,17562.2,0.462,7829.02,0.4256,6,1,1,Auto
CUST-2281,28,Female,51493.04,Employed,719,6410.88,0.1245,7972.24,0.2144,0,0,0,Debt Consolidation
CUST-2282,43,Female,60513.02,Employed,808,19521.5,0.3226,8531.87,0.3579,0,0,0,Home Improvement
CUST-2283,43,Female,31904.68,Employed,697,8244.17,0.2584,8430.66,0.4509,0,0,0,Small Business
CUST-2284,43,Male,25638.35,Unemployed,596,10280.98,0.401,5801.39,0.6268,0,0,0,Home Improvement
CUST-2285,27,Male,36785.96,Self-Employed,656,14942.46,0.4062,4706.98,0.5632,0,0,0,Personal
CUST-2286,52,Male,38345.02,Student,650,10970.51,0.2861,5078.22,0.3716,0,0,0,Debt Consolidation
CUST-2287,46,Male,76268.61,Employed,695,27433.82,0.3597,14370.63,0.5859,0,0,0,Personal
CUST-2288,41,Female,56246.75,Self-Employed,816,13870.45,0.2466,14909.8,0.1944,0,0,0,Home Improvement
CUST-2289,53,Male,80123.44,Employed,687,11810.2,0.1474,11190.72,0.4306,0,0,0,Home Improvement
CUST-2290,62,Female,27654.9,Student,666,8653.22,0.3129,3656.18,0.5495,0,0,0,Small Business
CUST-2291,35,Female,61404.72,Employed,521,22075.0,0.3595,5120.17,0.5313,6,3,1,Debt Consolidation
CUST-2292,33,Male,84792.66,Employed,542,21198.17,0.25,10668.84,0.5073,1,0,0,Small Business
CUST-2293,22,Male,44806.99,Employed,684,8020.45,0.179,5791.0,0.2441,0,0,0,Small Business
CUST-2294,21,Female,49196.3,Employed,638,14360.4,0.2919,7082.87,0.4165,0,0,0,Debt Consolidation
CUST-2295,36,Male,38473.01,Student,633,8129.35,0.2113,7046.62,0.4454,1,0,0,Auto
CUST-2296,43,Female,62141.05,Employed,596,17964.98,0.2891,6394.64,0.676,0,0,0,Home Improvement
CUST-2297,36,Male,61774.89,Employed,725,13584.3,0.2199,8354.94,0.4135,0,0,0,Auto
CUST-2298,42,Male,95052.33,Employed,749,21301.23,0.2241,12811.65,0.2586,0,0,0,Personal
CUST-2299,37,Male,63259.94,Employed,644,18781.88,0.2969,12222.37,0.6188,0,0,0,Small Business
CUST-2300,50,Male,26881.29,Employed,717,7559.02,0.2812,7166.48,0.3651,0,0,0,Personal
CUST-2301,27,Male,114737.3,Employed,633,33468.87,0.2917,10700.31,0.4922,0,0,0,Small Business
CUST-2302,38,Female,73392.8,Self-Employed,654,35661.56,0.4859,12689.55,0.3847,0,0,0,Small Business
CUST-2303,32,Male,42759.68,Employed,525,11835.88,0.2768,5242.85,0.6438,3,2,0,Small Business
CUST-2304,27,Female,102237.8,Self-Employed,657,35824.13,0.3504,14649.84,0.5569,0,0,0,Personal
CUST-2305,46,Female,83755.3,Employed,718,27446.61,0.3277,15040.02,0.3806,0,0,0,Personal
CUST-2306,42,Male,143030.17,Self-Employed,582,38975.72,0.2725,23320.63,0.5141,0,0,0,Personal
CUST-2307,39,Male,83365.45,Self-Employed,687,33896.39,0.4066,18946.84,0.5051,0,0,0,Small Business
CUST-2308,47,Male,126166.52,Self-Employed,637,36689.22,0.2908,24545.77,0.6503,2,0,0,Auto
CUST-2309,32,Female,34940.12,Student,770,2459.78,0.0704,5741.59,0.4694,0,0,0,Auto
CUST-2310,41,Male,172362.82,Employed,644,54621.78,0.3169,16410.19,0.4311,0,0,0,Personal
CUST-2311,38,Female,45355.76,Self-Employed,505,24764.24,0.546,4911.92,0.8165,2,0,0,Debt Consolidation
CUST-2312,41,Male,52934.27,Employed,710,12423.67,0.2347,13307.86,0.2447,0,0,0,Auto
CUST-2313,46,Female,129020.43,Self-Employed,736,52924.18,0.4102,21008.58,0.33,0,0,0,Home Improvement
CUST-2314,21,Female,56321.88,Employed,577,18225.76,0.3236,7201.62,0.3806,6,1,0,Personal
CUST-2315,43,Male,32547.74,Unemployed,468,18799.57,0.5776,5271.62,0.8839,5,2,1,Small Business
CUST-2316,36,Female,42688.21,Employed,512,11150.16,0.2612,6823.96,0.5837,2,1,1,Small Business
CUST-2317,51,Female,45211.14,Employed,604,9607.37,0.2125,6436.34,0.4309,0,0,0,Home Improvement
CUST-2318,26,Male,92704.88,Employed,680,18262.86,0.197,11832.63,0.5769,0,0,0,Auto
CUST-2319,37,Male,71156.35,Employed,658,20827.46,0.2927,15872.7,0.4618,2,0,0,Auto
CUST-2320,48,Male,126666.0,Employed,703,33895.82,0.2676,25009.07,0.2565,0,0,0,Personal
CUST-2321,63,Male,39780.9,Employed,758,10331.1,0.2597,10907.42,0.3617,0,0,0,Debt Consolidation
CUST-2322,30,Female,44137.78,Employed,611,8328.8,0.1887,8438.02,0.5385,0,0,0,Debt Consolidation
CUST-2323,29,Male,37143.47,Employed,572,9408.44,0.2533,6987.78,0.5256,2,0,0,Home Improvement
CUST-2324,46,Male,72793.38,Employed,677,3639.67,0.05,14098.44,0.1961,0,0,0,Auto
CUST-2325,21,Female,50425.43,Employed,536,12873.61,0.2553,5864.84,0.4508,4,0,0,Personal
CUST-2326,38,Female,90947.13,Employed,678,24819.47,0.2729,14992.37,0.534,0,0,0,Home Improvement
CUST-2327,24,Male,25889.77,Unemployed,627,10394.74,0.4015,5670.34,0.5468,0,0,0,Auto
CUST-2328,52,Male,61784.92,Employed,850,8186.5,0.1325,14917.72,0.1857,0,0,0,Personal
CUST-2329,52,Female,73699.88,Employed,665,11924.64,0.1618,15697.63,0.6287,0,0,0,Personal
CUST-2330,45,Female,43559.48,Self-Employed,577,11930.94,0.2739,5701.71,0.5831,0,0,0,Personal
CUST-2331,46,Male,42098.95,Self-Employed,710,8828.15,0.2097,9767.53,0.3549,0,0,0,Auto
CUST-2332,45,Male,59647.62,Employed,717,10688.85,0.1792,12871.44,0.4039,0,0,0,Personal
CUST-2333,31,Female,78521.15,Employed,653,18829.37,0.2398,16110.15,0.4811,1,0,0,Small Business
CUST-2334,34,Female,38132.88,Unemployed,544,15764.13,0.4134,4214.28,0.6527,6,3,1,Auto
CUST-2335,39,Male,25000.0,Self-Employed,435,15690.0,0.6276,2852.66,0.7966,6,2,1,Small Business
CUST-2336,43,Female,49966.5,Employed,505,18532.57,0.3709,4964.45,0.3346,1,1,1,Debt Consolidation
CUST-2337,49,Male,104060.94,Employed,685,26473.1,0.2544,15623.21,0.5908,0,0,0,Auto
CUST-2338,47,Male,40051.84,Employed,740,7393.57,0.1846,7335.64,0.2613,0,0,0,Debt Consolidation
CUST-2339,38,Female,88760.68,Employed,439,29859.09,0.3364,8137.93,0.7163,1,0,0,Home Improvement
CUST-2340,41,Male,52487.71,Employed,705,18554.41,0.3535,10081.28,0.3128,0,0,0,Auto
CUST-2341,28,Female,29314.92,Employed,677,7097.14,0.2421,5836.61,0.353,0,0,0,Small Business
CUST-2342,45,Female,28394.32,Unemployed,698,11303.78,0.3981,7565.19,0.5067,0,0,0,Debt Consolidation
CUST-2343,33,Male,76556.34,Employed,632,14622.26,0.191,11404.94,0.543,0,0,0,Home Improvement
CUST-2344,37,Female,105574.76,Employed,522,52797.94,0.5001,14185.35,0.6767,3,2,1,Personal
CUST-2345,35,Male,60159.35,Employed,627,20015.02,0.3327,10194.22,0.5029,0,0,0,Auto
CUST-2346,42,Female,47227.33,Employed,600,11022.86,0.2334,5451.57,0.3785,0,0,0,Personal
CUST-2347,34,Male,56048.76,Self-Employed,576,19252.75,0.3435,7836.7,0.4642,0,0,0,Auto
CUST-2348,29,Male,36740.2,Student,850,10213.78,0.278,8409.91,0.3457,0,0,0,Personal
CUST-2349,47,Male,74165.17,Employed,650,17013.49,0.2294,13500.29,0.3159,1,0,0,Home Improvement
CUST-2350,30,Male,37212.5,Employed,640,15945.56,0.4285,4555.23,0.4466,5,0,0,Home Improvement
CUST-2351,28,Female,35244.01,Employed,619,13600.66,0.3859,7326.54,0.5704,4,1,1,Debt Consolidation
CUST-2352,35,Male,39970.07,Employed,649,10176.38,0.2546,9173.3,0.6103,0,0,0,Small Business
CUST-2353,22,Female,72281.9,Employed,713,18041.56,0.2496,16042.65,0.4141,0,0,0,Personal
CUST-2354,36,Male,52557.6,Employed,649,8898.0,0.1693,11216.36,0.3797,1,0,0,Auto
CUST-2355,37,Female,82350.61,Employed,657,20332.37,0.2469,15929.63,0.4302,1,0,0,Personal
CUST-2356,51,Male,51010.27,Employed,552,24403.31,0.4784,4811.9,0.7049,1,0,0,Small Business
CUST-2357,32,Male,50865.07,Employed,516,25010.35,0.4917,7086.67,0.515,2,2,1,Small Business
CUST-2358,36,Female,55751.59,Employed,655,4343.05,0.0779,9009.85,0.3813,0,0,0,Auto
CUST-2359,44,Male,32495.07,Employed,543,5566.41,0.1713,5415.79,0.5145,1,0,0,Small Business
CUST-2360,41,Female,64252.66,Employed,675,21588.89,0.336,7305.77,0.3492,0,0,0,Debt Consolidation
CUST-2361,49,Male,40280.01,Unemployed,464,22133.87,0.5495,5223.71,0.7662,6,1,1,Small Business
CUST-2362,33,Male,66985.9,Employed,568,3349.3,0.05,6358.84,0.4553,1,0,0,Small Business
CUST-2363,24,Male,40944.69,Unemployed,478,14662.29,0.3581,4430.41,0.6157,1,1,0,Auto
CUST-2364,32,Male,42632.83,Unemployed,650,16383.8,0.3843,8371.46,0.4588,4,0,0,Personal
CUST-2365,25,Male,114018.78,Employed,664,21674.97,0.1901,21147.13,0.477,0,0,0,Auto
CUST-2366,30,Female,49091.44,Employed,593,12081.4,0.2461,5441.29,0.4233,4,3,1,Home Improvement
CUST-2367,51,Female,44975.43,Employed,666,10870.56,0.2417,9266.37,0.4639,0,0,0,Small Business
CUST-2368,33,Male,163508.24,Employed,756,8175.41,0.05,34501.4,0.2276,0,0,0,Auto
CUST-2369,28,Male,33613.24,Employed,439,7300.8,0.2172,4985.96,0.6893,0,0,0,Debt Consolidation
CUST-2370,35,Male,39961.9,Student,633,7309.03,0.1829,9175.95,0.5742,1,0,0,Debt Consolidation
CUST-2371,43,Female,25294.12,Unemployed,618,7858.88,0.3107,6846.37,0.6085,0,0,0,Auto
CUST-2372,45,Female,67129.93,Employed,600,11183.85,0.1666,10302.36,0.4325,0,0,0,Small Business
CUST-2373,32,Male,49538.7,Employed,525,19116.98,0.3859,8726.24,0.5676,6,0,1,Debt Consolidation
CUST-2374,38,Female,26202.3,Student,634,7459.79,0.2847,5200.58,0.4288,1,0,0,Personal
CUST-2375,34,Female,31119.03,Student,630,13250.48,0.4258,6846.95,0.6233,4,0,0,Auto
CUST-2376,33,Female,74653.3,Employed,735,40715.91,0.5454,19086.78,0.4458,0,0,0,Small Business
CUST-2377,47,Male,152734.72,Self-Employed,735,40306.69,0.2639,35267.37,0.3613,0,0,0,Auto
CUST-2378,41,Male,44674.69,Employed,582,9417.42,0.2108,4927.65,0.5864,0,0,0,Auto
CUST-2379,59,Male,41646.3,Employed,510,13110.26,0.3148,6554.58,0.4448,1,1,1,Small Business
CUST-2380,26,Female,102860.68,Employed,763,17188.02,0.1671,17716.38,0.2148,0,0,0,Home Improvement
CUST-2381,22,Male,29993.09,Employed,616,6676.46,0.2226,3672.7,0.5278,0,0,0,Personal
CUST-2382,41,Female,68304.28,Employed,621,21638.8,0.3168,13361.01,0.5933,1,0,0,Home Improvement
CUST-2383,59,Male,40995.23,Self-Employed,590,9047.65,0.2207,7191.62,0.4485,4,2,0,Home Improvement
CUST-2384,48,Male,105099.61,Self-Employed,676,31477.33,0.2995,19113.89,0.2971,0,0,0,Debt Consolidation
CUST-2385,47,Female,58604.51,Employed,769,9546.67,0.1629,7881.5,0.3048,0,0,0,Home Improvement
CUST-2386,38,Male,25000.0,Self-Employed,490,9470.0,0.3788,4026.49,0.6924,1,0,0,Auto
CUST-2387,44,Male,29141.73,Student,722,3642.72,0.125,4976.85,0.4379,0,0,0,Home Improvement
CUST-2388,21,Male,66830.41,Employed,574,22976.29,0.3438,12146.25,0.6783,2,2,0,Home Improvement
CUST-2389,43,Male,38604.36,Unemployed,519,5003.13,0.1296,6029.94,0.5145,0,0,0,Personal
CUST-2390,52,Male,39075.95,Employed,634,11257.78,0.2881,5661.09,0.4365,0,0,0,Debt Consolidation
CUST-2391,41,Male,94559.53,Employed,665,26854.91,0.284,14319.18,0.5121,0,0,0,Home Improvement
CUST-2392,41,Male,68055.79,Employed,617,17667.28,0.2596,7433.98,0.4664,0,0,0,Debt Consolidation
CUST-2393,56,Female,62793.26,Employed,580,17136.28,0.2729,7354.79,0.6173,1,0,0,Personal
CUST-2394,44,Male,38017.44,Employed,767,1900.87,0.05,8561.26,0.2098,0,0,0,Debt Consolidation
CUST-2395,27,Male,43395.77,Employed,587,13847.59,0.3191,8109.29,0.5613,2,1,1,Home Improvement
CUST-2396,32,Male,105443.71,Employed,577,45583.32,0.4323,9455.12,0.7416,0,0,0,Home Improvement
CUST-2397,32,Male,55766.14,Employed,749,17164.82,0.3078,12468.34,0.2457,0,0,0,Personal
CUST-2398,56,Female,81184.99,Self-Employed,666,31816.4,0.3919,12870.49,0.5554,0,0,0,Auto
CUST-2399,28,Female,49234.21,Employed,624,10634.59,0.216,7388.71,0.768,1,0,0,Auto
CUST-2400,48,Female,196239.97,Employed,775,29004.27,0.1478,48126.87,0.2644,0,0,0,Auto
CUST-2401,54,Female,32726.45,Self-Employed,708,13552.02,0.4141,5974.4,0.4824,0,0,0,Home Improvement
CUST-2402,45,Female,127063.65,Employed,803,28042.95,0.2207,21017.23,0.3124,0,0,0,Debt Consolidation
CUST-2403,49,Male,33944.92,Employed,520,7824.3,0.2305,5945.02,0.5632,4,0,0,Personal
CUST-2404,22,Female,70683.04,Employed,608,12588.65,0.1781,13700.8,0.5099,1,1,0,Home Improvement
CUST-2405,21,Male,98031.69,Employed,690,36556.02,0.3729,19777.77,0.4758,0,0,0,Small Business
CUST-2406,31,Male,112616.63,Self-Employed,711,35654.43,0.3166,10384.62,0.4461,0,0,0,Small Business
CUST-2407,49,Male,25000.0,Employed,548,9667.5,0.3867,4673.06,0.5995,5,3,1,Auto
CUST-2408,26,Male,49779.04,Employed,662,20802.66,0.4179,11307.11,0.5967,1,0,0,Small Business
CUST-2409,25,Female,116857.79,Employed,531,39766.71,0.3403,15281.02,0.5314,3,2,1,Personal
CUST-2410,21,Female,58749.37,Employed,657,20062.91,0.3415,7207.44,0.4572,0,0,0,Home Improvement
CUST-2411,34,Female,84497.1,Employed,607,23760.58,0.2812,7826.66,0.5454,1,1,0,Home Improvement
CUST-2412,35,Female,43030.29,Self-Employed,608,13520.12,0.3142,7188.03,0.4771,0,0,0,Debt Consolidation
CUST-2413,21,Female,70761.01,Self-Employed,730,25693.32,0.3631,12439.03,0.379,0,0,0,Personal
CUST-2414,21,Male,84593.72,Employed,493,22671.12,0.268,6866.23,0.3646,0,0,0,Personal
CUST-2415,34,Male,78711.7,Employed,664,18324.08,0.2328,13463.16,0.4113,0,0,0,Small Business
CUST-2416,29,Male,30341.52,Unemployed,649,5658.69,0.1865,6160.75,0.3837,0,0,0,Small Business
CUST-2417,28,Female,50297.47,Employed,450,20757.77,0.4127,5296.4,0.6593,3,0,0,Personal
CUST-2418,51,Male,47145.43,Employed,479,19485.21,0.4133,3647.68,0.6718,1,0,0,Auto
CUST-2419,41,Male,68636.79,Employed,595,15553.1,0.2266,11263.07,0.5357,0,0,0,Personal
CUST-2420,47,Male,138664.44,Employed,708,22657.77,0.1634,17801.54,0.329,0,0,0,Debt Consolidation
CUST-2421,36,Male,44073.14,Unemployed,500,12133.34,0.2753,5610.31,0.7834,2,2,1,Debt Consolidation
CUST-2422,32,Male,69382.76,Self-Employed,585,34150.19,0.4922,6182.04,0.5611,0,0,0,Debt Consolidation
CUST-2423,29,Male,56212.07,Employed,747,15874.29,0.2824,11667.62,0.2895,0,0,0,Auto
CUST-2424,35,Male,74504.62,Self-Employed,585,31776.22,0.4265,10242.89,0.4563,0,0,0,Home Improvement
CUST-2425,53,Female,46190.01,Employed,679,2309.5,0.05,9923.94,0.2606,0,0,0,Small Business
CUST-2426,42,Male,49062.35,Employed,641,18314.98,0.3733,6263.48,0.4283,0,0,0,Home Improvement
CUST-2427,42,Female,57051.47,Employed,593,21668.15,0.3798,10107.89,0.6549,0,0,0,Home Improvement
CUST-2428,33,Male,34230.22,Employed,468,11761.5,0.3436,5054.74,0.6809,1,0,0,Small Business
CUST-2429,35,Female,53058.47,Employed,651,16437.51,0.3098,9444.13,0.5724,3,0,0,Auto
CUST-2430,53,Female,116111.93,Self-Employed,550,31605.67,0.2722,16952.2,0.694,0,0,0,Home Improvement
CUST-2431,42,Female,75445.01,Employed,659,28684.19,0.3802,15812.44,0.5269,0,0,0,Home Improvement
CUST-2432,46,Male,51329.39,Employed,650,11887.89,0.2316,8965.98,0.472,0,0,0,Small Business
CUST-2433,44,Female,109189.67,Employed,668,6420.35,0.0588,20441.77,0.3939,0,0,0,Small Business
CUST-2434,39,Female,83391.54,Self-Employed,843,14268.29,0.1711,12529.28,0.1145,0,0,0,Personal
CUST-2435,39,Male,34650.43,Employed,560,10343.15,0.2985,5615.53,0.6264,4,3,1,Auto
CUST-2436,65,Male,41581.0,Self-Employed,850,2365.96,0.0569,13409.42,0.4491,0,0,0,Debt Consolidation
CUST-2437,49,Male,57694.47,Self-Employed,707,16639.09,0.2884,8696.7,0.2672,0,0,0,Small Business
CUST-2438,51,Male,75501.47,Self-Employed,660,12940.95,0.1714,10571.35,0.5286,1,0,0,Home Improvement
CUST-2439,55,Female,47784.64,Employed,730,18186.83,0.3806,7208.58,0.4868,0,0,0,Auto
CUST-2440,52,Male,34470.53,Unemployed,541,13509.0,0.3919,6627.81,0.6929,6,0,1,Debt Consolidation
CUST-2441,41,Male,30353.36,Unemployed,678,11683.01,0.3849,6794.37,0.4545,0,0,0,Auto
CUST-2442,52,Female,39988.37,Employed,584,3810.89,0.0953,5353.45,0.4755,0,0,0,Debt Consolidation
CUST-2443,33,Male,74753.37,Self-Employed,704,15459.0,0.2068,9600.5,0.4125,0,0,0,Home Improvement
CUST-2444,42,Male,39079.91,Self-Employed,685,9402.63,0.2406,8112.8,0.3375,0,0,0,Home Improvement
CUST-2445,44,Female,28151.36,Student,600,4988.42,0.1772,6092.17,0.52,2,2,0,Auto
CUST-2446,40,Male,138455.89,Self-Employed,599,19743.81,0.1426,19367.68,0.5049,0,0,0,Personal
CUST-2447,41,Male,43087.98,Self-Employed,511,14503.41,0.3366,3511.22,0.5725,1,0,0,Personal
CUST-2448,21,Female,167211.26,Employed,695,25048.25,0.1498,13477.54,0.5471,0,0,0,Personal
CUST-2449,59,Female,41495.43,Employed,632,6290.71,0.1516,7302.98,0.4778,0,0,0,Home Improvement
CUST-2450,30,Male,108699.39,Employed,733,25229.13,0.2321,16986.0,0.3419,0,0,0,Auto
CUST-2451,39,Female,49657.74,Employed,647,7582.74,0.1527,6755.9,0.3195,1,0,0,Personal
CUST-2452,37,Male,45997.06,Employed,547,12511.2,0.272,6955.89,0.5684,1,0,0,Auto
CUST-2453,43,Female,26303.81,Self-Employed,735,4960.9,0.1886,5312.31,0.4082,0,0,0,Auto
CUST-2454,36,Male,85140.56,Employed,587,17862.49,0.2098,14784.62,0.5068,0,0,0,Personal
CUST-2455,31,Male,44134.75,Employed,604,11104.3,0.2516,9049.97,0.512,0,0,0,Home Improvement
CUST-2456,47,Male,75891.37,Self-Employed,622,13007.78,0.1714,8811.99,0.5178,0,0,0,Auto
CUST-2457,25,Male,118117.19,Employed,829,39947.23,0.3382,22253.84,0.3064,0,0,0,Personal
CUST-2458,30,Female,64306.97,Employed,678,23607.09,0.3671,13065.14,0.3356,0,0,0,Home Improvement
CUST-2459,41,Male,56041.02,Employed,718,7873.76,0.1405,8065.85,0.5712,0,0,0,Debt Consolidation
CUST-2460,38,Male,39735.54,Employed,675,16998.86,0.4278,6595.34,0.3917,0,0,0,Personal
CUST-2461,51,Female,108079.92,Employed,632,9846.08,0.0911,20452.91,0.5001,0,0,0,Personal
CUST-2462,32,Female,55460.2,Employed,611,16166.65,0.2915,6942.02,0.3646,1,0,0,Home Improvement
CUST-2463,54,Female,73871.99,Employed,602,15284.11,0.2069,9879.34,0.5065,1,0,0,Auto
CUST-2464,38,Female,30385.21,Self-Employed,637,9130.76,0.3005,8087.12,0.3936,0,0,0,Auto
CUST-2465,25,Male,88423.93,Self-Employed,636,29887.29,0.338,14490.0,0.4575,0,0,0,Debt Consolidation
CUST-2466,40,Male,68721.32,Employed,693,17482.7,0.2544,15337.54,0.472,0,0,0,Auto
CUST-2467,37,Male,84267.37,Employed,764,14864.76,0.1764,18986.68,0.1548,0,0,0,Debt Consolidation
CUST-2468,39,Male,78254.38,Employed,611,19015.81,0.243,7480.94,0.5581,0,0,0,Small Business
CUST-2469,39,Female,43018.07,Unemployed,575,11042.74,0.2567,7744.64,0.3771,1,0,0,Home Improvement
CUST-2470,46,Male,50063.33,Employed,592,23189.33,0.4632,10121.12,0.6836,1,0,1,Home Improvement
CUST-2471,36,Female,169352.39,Employed,722,46724.32,0.2759,17896.61,0.2506,0,0,0,Home Improvement
CUST-2472,30,Female,53698.32,Employed,600,19363.61,0.3606,8554.34,0.5719,0,0,0,Personal
CUST-2473,23,Female,49308.95,Employed,559,8264.18,0.1676,5638.05,0.6576,6,0,0,Debt Consolidation
CUST-2474,50,Female,25000.0,Employed,585,9022.5,0.3609,4924.23,0.6796,0,0,0,Debt Consolidation
CUST-2475,37,Female,31864.84,Unemployed,580,7985.33,0.2506,7097.68,0.6015,0,0,0,Home Improvement
CUST-2476,24,Male,40988.31,Student,645,10743.04,0.2621,6396.46,0.4211,1,0,0,Auto
CUST-2477,29,Female,35441.24,Student,425,8633.49,0.2436,4512.28,0.491,6,1,1,Home Improvement
CUST-2478,30,Female,99674.44,Employed,635,19426.55,0.1949,12879.02,0.4639,1,0,0,Small Business
CUST-2479,27,Female,67097.91,Employed,724,17707.14,0.2639,9614.91,0.4691,0,0,0,Personal
CUST-2480,35,Female,43993.88,Employed,662,8323.64,0.1892,6861.29,0.3599,0,0,0,Personal
CUST-2481,21,Male,45377.22,Employed,773,2650.03,0.0584,12053.89,0.2751,0,0,0,Debt Consolidation
CUST-2482,28,Female,31987.22,Unemployed,644,5261.9,0.1645,5515.48,0.3029,0,0,0,Auto
CUST-2483,43,Female,94985.59,Employed,750,15197.69,0.16,14176.32,0.4189,0,0,0,Debt Consolidation
CUST-2484,60,Male,73672.28,Employed,646,10910.86,0.1481,8469.25,0.5016,1,0,0,Home Improvement
CUST-2485,38,Female,31978.72,Student,664,11841.72,0.3703,6139.26,0.516,0,0,0,Home Improvement
CUST-2486,23,Male,72252.71,Employed,693,25418.5,0.3518,10973.04,0.492,0,0,0,Personal
CUST-2487,48,Male,36024.5,Unemployed,603,13566.83,0.3766,5128.13,0.5449,2,0,1,Home Improvement
CUST-2488,36,Female,68934.05,Employed,613,23878.75,0.3464,8635.12,0.3699,0,0,0,Debt Consolidation
CUST-2489,21,Female,51514.31,Self-Employed,555,18493.64,0.359,7993.9,0.4778,3,3,1,Home Improvement
CUST-2490,32,Female,66144.47,Employed,593,31233.42,0.4722,9516.12,0.4863,5,3,1,Small Business
CUST-2491,34,Female,37671.05,Student,789,2045.54,0.0543,7453.8,0.1664,0,0,0,Debt Consolidation
CUST-2492,33,Male,67543.73,Employed,759,14596.2,0.2161,7772.56,0.3372,0,0,0,Auto
CUST-2493,46,Female,74133.71,Self-Employed,523,34012.55,0.4588,8166.25,0.7209,4,2,1,Auto
CUST-2494,43,Female,71346.87,Employed,640,16531.07,0.2317,8471.68,0.3223,0,0,0,Debt Consolidation
CUST-2495,47,Male,60644.77,Employed,541,20000.65,0.3298,8398.01,0.6831,1,1,0,Auto
CUST-2496,38,Male,28236.78,Unemployed,559,5602.18,0.1984,4771.59,0.6191,1,0,0,Auto
CUST-2497,44,Male,94486.01,Employed,680,17527.15,0.1855,16534.86,0.4933,0,0,0,Home Improvement
CUST-2498,30,Male,26416.13,Student,615,8048.99,0.3047,5828.39,0.5787,0,0,0,Small Business
CUST-2499,21,Male,48846.94,Self-Employed,761,15054.63,0.3082,7688.3,0.3662,0,0,0,Debt Consolidation
CUST-2500,47,Female,41503.88,Student,730,7254.88,0.1748,10633.75,0.4059,0,0,0,Personal
